id,domain,status,purchase_price,renewal_price,attractiveness,demand,length,registrar,created_at,expires_at,status_verified_at
19bd4613-6be9-48fe-92a7-d2285dcaccd5,escapade.chat,available,5.98,58.98,high,low,8,namecheap,,,17/09/2026 10:37
c9745d74-9104-4433-943d-3bf4add0dd66,lineal.chat,available,5.98,58.98,medium,low,6,namecheap,,,23/08/2026 14:16
0dc60ee8-78fb-4a14-9fa4-f59eb6cae1f5,zooming.chat,available,9.99,,high,low,7,name.com,,,
e04729b8-552f-443d-b0bc-6808f5676b72,afterimage.chat,available,5.98,58.98,high,low,10,namecheap,,,17/09/2026 15:42
08fdc707-1c58-4eb9-9629-c72a81fd80f1,argun.chat,available,10.99,44.99,medium,low,5,namesilo,,,20/09/2026 04:51
1a9130b6-4905-48bb-85c4-0441dd8866b5,brakes.chat,available,10.99,44.99,high,low,6,namesilo,,,24/09/2026 08:09
54650cb2-0663-49f3-b008-ff8a74120280,whipped.chat,available,5.38,36.43,medium,low,7,spaceship,,,28/09/2026 21:21
b84ef601-2d95-4154-b692-b2e5d34b28af,groton.chat,available,10.99,44.99,medium,low,6,namesilo,,,29/09/2026 15:07
285dcdec-5ce5-4965-8ef6-37cc1c297fbb,intruder.chat,available,10.99,44.99,high,low,8,namesilo,,,29/09/2026 13:09
d520a114-bd41-4093-aa39-8a3d716a828a,antiquity.chat,available,10.99,44.99,medium,low,9,namesilo,,,19/09/2026 03:50
6c64c753-7a2d-400e-97d7-bcfd652e1eb2,attenuate.chat,available,5.98,58.98,medium,low,9,namecheap,,,07/08/2026 15:21
401595aa-7bdc-4a7d-b989-613d52d171c1,aitken.chat,available,10.99,44.99,medium,low,6,namesilo,,,29/09/2026 10:35
3600b950-fa54-4789-8573-e21e02f1e555,acerola.chat,available,10.99,44.99,medium,low,7,namesilo,,,16/09/2026 23:42
3a4ffbcf-2ce7-4243-9230-06291754bfcb,north.chat,resell,,,high,low,5,"Xiamen ChinaSource Internet Service Co., Ltd",31/07/2022 13:15,31/07/2027 13:15,26/09/2026 07:48
7cb91868-d511-4110-829d-268c8fa27b93,troika.chat,available,5.98,58.98,high,low,6,namecheap,,,
03dfaf18-c52d-43ee-a4b4-8351a73349e0,optical.chat,available,5.98,58.98,high,low,7,namecheap,,,04/09/2026 00:42
40e82948-ce65-410a-9d3a-6fd87b095b2f,coercive.chat,available,5.98,58.98,medium,low,8,namecheap,,,12/08/2026 15:24
6c4f005c-b7ad-4dca-adc8-a9ab1394c467,nuke.chat,premium,21.45,42.9,high,low,4,namecheap,,,21/09/2026 00:16
fb7535fd-46ab-4206-b5c0-60c225c5995c,than.chat,available,9.99,,high,low,4,name.com,,,
47f734c8-ec17-4b8b-98c3-efef2a3848d9,zambian.chat,premium,42.9,85.8,high,low,7,namecheap,,,13/09/2026 15:05
b5e0c37a-1d7b-4d1a-81e3-8ae5c794074b,bennington.chat,available,5.98,58.98,high,low,10,namecheap,,,23/09/2026 08:33
3a23ae22-df95-4362-9584-a03682af6fad,forgery.chat,available,5.98,58.98,high,low,7,namecheap,,,13/08/2026 03:36
9f4f45d3-41fe-46b9-b0ba-b9d7b7d5f391,allegory.chat,available,10.99,44.99,high,low,8,namesilo,,,18/09/2026 10:41
841ae605-be77-492f-bd3f-8c493941ae1d,stranded.chat,available,10.99,44.99,high,low,8,namesilo,,,25/09/2026 17:00
c915bb39-16cc-465b-aad7-f51091167d32,davies.chat,available,10.99,44.99,medium,low,6,namesilo,,,29/09/2026 03:54
cba1d141-e732-43a7-933c-35d0848ef015,screamer.chat,available,5.98,58.98,high,low,8,namecheap,,,22/09/2026 17:00
fc902ef0-0745-4110-9fe5-82a53e16f5cd,explicable.chat,available,5.98,58.98,high,low,10,namecheap,,,17/08/2026 18:23
0525cda2-2de4-4ad9-9f38-869c617e647a,shelby.chat,available,10.99,44.99,high,low,6,namesilo,,,25/09/2026 15:30
780c1786-9a80-4e84-8ea0-0bc4453d33a2,erse.chat,available,5.98,58.98,medium,low,4,namecheap,,,18/08/2026 19:28
15169d8d-f5c5-4337-b075-59e8f51e3e71,disturbance.chat,available,5.38,36.43,medium,low,11,spaceship,,,28/09/2026 12:34
bdb493c0-3175-4d09-9644-3673c8386962,mastoid.chat,available,5.98,58.98,medium,low,7,namecheap,,,24/08/2026 16:48
34d8434e-c445-41e7-9ec9-c931851f65ab,stuyvesant.chat,available,5.38,36.43,high,low,10,spaceship,,,29/09/2026 19:58
35107f72-322f-4116-b5c8-6dc00dcb15b8,pillock.chat,available,5.98,58.98,low,low,7,namecheap,,,10/09/2026 23:13
6476227a-e197-4a21-a5d6-176f9cac9945,glances.chat,available,10.99,44.99,medium,low,7,namesilo,,,18/09/2026 02:11
eea549ac-e19c-43b7-92f6-d906be9cb51a,alarmed.chat,available,5.98,58.98,medium,low,7,namecheap,,,
7f683e6b-2a21-4d5c-99a3-b98f793a4441,primate.chat,available,10.99,44.99,high,low,7,namesilo,,,20/09/2026 02:39
3d3117d6-9b7e-4596-baa5-b80989e53cee,bitumen.chat,available,10.99,44.99,medium,low,7,namesilo,,,23/09/2026 23:13
2c31a64e-30d0-4f51-8b1b-25bc72df8f65,plugs.chat,available,5.98,58.98,medium,low,5,namecheap,,,20/09/2026 11:28
6643f29f-5b51-4cb0-b436-95cf5a616f63,stael.chat,available,10.99,44.99,medium,low,5,namesilo,,,22/09/2026 07:38
69b7ceca-6bdd-420c-807b-a5972414b080,idempotent.chat,available,5.98,58.98,medium,low,10,namecheap,,,21/08/2026 18:03
aa8dfd75-3980-4fbe-93e9-a4202c9c864e,brahmins.chat,available,10.99,44.99,medium,low,8,namesilo,,,30/09/2026 00:48
7bea0ee6-d601-49b4-877c-9ef677361f3f,dependency.chat,available,10.99,44.99,medium,low,10,namesilo,,,17/09/2026 06:56
401ad6db-bc5c-44cf-afb9-2440a9cf13a8,lords.chat,available,35.2,35.2,medium,low,5,cloudflare,,,28/09/2026 16:19
9714fbda-7a76-4915-b227-a0474b34b59a,sing.chat,resell,,,high,low,4,Alibaba Cloud Computing Ltd. d/b/a HiChina (www.net.cn),12/09/2018 22:36,12/09/2027 22:36,26/09/2026 09:02
6668ff49-da00-480f-943b-6ab0e94a2d71,allegheny.chat,available,5.98,58.98,medium,low,9,namecheap,,,18/09/2026 10:28
f2a81c42-8dfe-4015-a67c-5557f81d44c0,burbling.chat,available,5.98,58.98,medium,low,8,namecheap,,,11/08/2026 10:10
7f9635ef-afc7-467a-92fb-7db3d32d1c18,unwoven.chat,available,5.98,58.98,medium,low,7,namecheap,,,12/09/2026 22:51
fd53eec7-612b-4a7b-bd4b-48c323efc9bc,psychic.chat,resell,,,high,low,7,"NameSilo, LLC",17/05/2015 16:00,17/05/2027 16:00,27/09/2026 07:57
35fec294-b091-458c-90a7-3aa836f4bd11,velar.chat,available,5.98,58.98,medium,low,5,namecheap,,,13/09/2026 01:59
9b308912-485d-4f9e-93ea-ee1a0d7d0631,ebon.chat,available,5.98,58.98,medium,low,4,namecheap,,,14/08/2026 23:08
5903206d-41bc-495c-a333-e49aa30f210e,brandenburg.chat,available,5.38,36.43,high,low,11,spaceship,,,27/09/2026 16:50
616acfb6-1d30-41d9-98ee-9502ace15b30,ambrosia.chat,available,5.98,58.98,high,low,8,namecheap,,,18/09/2026 17:26
4a3b5b63-a28e-4e0f-bb6a-0bf779ca7a29,forties.chat,available,5.98,58.98,medium,low,7,namecheap,,,16/09/2026 12:06
fab2a996-6315-44d6-9c15-722f87675d4d,tasselled.chat,available,5.98,58.98,medium,low,9,namecheap,,,11/09/2026 08:58
c2a07d12-25dd-4d0d-96b0-22f8ec31f2a2,grapefruit.chat,available,5.98,58.98,high,low,10,namecheap,,,24/09/2026 15:09
b895b3f2-8cbb-452e-ad5d-0a7d8c37bb9e,cubic.chat,resell,,,high,low,5,"Xiamen ChinaSource Internet Service Co., Ltd",01/07/2024 17:00,01/07/2027 17:00,26/09/2026 05:21
d39343a2-17ab-4bbc-a7b3-7c4eda1d89cd,hanoverian.chat,available,5.98,58.98,medium,low,10,namecheap,,,20/08/2026 23:44
bead6d30-d048-4574-984e-2471bee8490c,deadlocked.chat,available,9.99,50.99,medium,low,10,name.com,,,13/08/2026 19:27
50ee9abe-48fe-4b59-b018-60d9d984336c,requested.chat,available,5.38,36.43,high,low,9,spaceship,,,27/09/2026 12:02
e64fe736-38ba-41a8-99b9-a8ed0dd87a9e,eliminated.chat,available,35.2,35.2,medium,low,10,cloudflare,,,28/09/2026 17:04
242807a2-883a-43c5-9353-7215512a7ca8,deictic.chat,available,5.98,58.98,medium,low,7,namecheap,,,14/08/2026 00:12
06d70be9-8615-4ef4-b763-19f46c83ad9c,rna.chat,premium,38.94,38.94,high,low,3,namesilo,,,25/09/2026 10:20
41e371bc-be35-4b45-ae9b-a8302c817778,ardeb.chat,available,10.99,44.99,medium,low,5,namesilo,,,20/09/2026 03:06
4385046e-2926-4108-ab74-8cbbae885a5b,boxlike.chat,available,5.98,58.98,medium,low,7,namecheap,,,10/08/2026 23:56
4824c351-c3e9-4cf2-9265-2df3becfed19,redberry.chat,available,10.99,44.99,medium,low,8,namesilo,,,17/09/2026 04:20
c2d20ea7-0288-4711-bc17-550c58d09255,dart.chat,resell,,,high,low,4,"Xiamen ChinaSource Internet Service Co., Ltd",21/12/2023 17:00,21/12/2026 17:00,26/09/2026 05:25
5855d214-35b7-4476-b67d-3adc3edff6dc,spiritless.chat,available,5.98,58.98,low,low,10,namecheap,,,10/09/2026 15:54
1be67be4-e786-4bf9-b0a6-89b615cff586,rile.chat,available,5.38,36.43,medium,low,4,spaceship,,,29/09/2026 14:40
527e9036-ad90-41f7-b6cb-9390e30d4270,maladroit.chat,available,5.98,58.98,medium,low,9,namecheap,,,24/08/2026 13:35
37f4db7f-52de-493c-919d-d61a9f676c90,mev.chat,premium,78.54,78.54,high,low,3,namesilo,,,29/09/2026 10:55
2b407a30-7832-4e0f-ba06-671586f3896e,partly.chat,available,5.98,58.98,high,low,6,namecheap,,,15/09/2026 19:01
1b1408c6-b4a7-40d4-8c70-9ff46aadec8b,admirable.chat,available,10.99,44.99,high,low,9,namesilo,,,21/09/2026 18:46
c2493bf0-0bfd-4f34-9275-eeab59f4d447,stimulating.chat,available,35.2,35.2,high,low,11,cloudflare,,,28/09/2026 21:23
6d101eff-f8f4-44f3-9969-1f3197cd8488,iranian.chat,premium,42.9,85.8,high,low,7,namecheap,,,22/08/2026 09:39
bf4c9f93-2c84-42a1-926f-3f6265d42f47,respected.chat,available,10.99,44.99,high,low,9,namesilo,,,27/09/2026 12:38
69ebca86-4098-4851-871c-95af32731893,producing.chat,available,10.99,44.99,medium,low,9,namesilo,,,25/09/2026 13:08
46d748f3-06f7-4fe6-bf16-9cec171b3815,heilong.chat,available,5.98,58.98,medium,low,7,namecheap,,,19/09/2026 00:15
240e1a61-8814-4775-bfcf-97f3fc22df59,polyhedral.chat,available,5.98,58.98,medium,low,10,namecheap,,,08/09/2026 23:24
06a5472f-d28b-40ca-895c-294a58b07be5,imuran.chat,available,10.99,44.99,medium,low,6,namesilo,,,21/09/2026 11:01
713ee3be-8738-441b-89bc-49e883bffd29,cadillac.chat,available,9.99,,high,low,8,name.com,,,
0e32de0c-c549-4eca-8317-b60e17937b7b,gammy.chat,available,5.98,58.98,medium,low,5,namecheap,,,18/08/2026 20:04
87e97608-7fb0-4453-bfbc-22aeaa9e9ef9,storms.chat,available,10.99,44.99,medium,low,6,namesilo,,,17/09/2026 15:55
99b15d1b-ecb7-4401-a5ea-49b98effee09,hastings.chat,premium,38.94,38.94,high,low,8,namesilo,,,22/09/2026 15:09
5107f9e1-a621-4add-937d-ee320c7e9ad0,triumphal.chat,available,5.98,58.98,high,low,9,namecheap,,,17/08/2026 19:54
fe4c239a-6dbd-47f4-94bc-1df614fc187f,meg.chat,premium,42.9,85.8,high,low,3,namecheap,,,24/08/2026 23:20
b35f528c-f91e-42d4-aec4-05aa3a65ee6c,deluge.chat,available,10.99,44.99,medium,low,6,namesilo,,,24/09/2026 16:03
9cee1162-587c-4379-8242-b3a9228ed73d,wins.chat,available,10.99,44.99,high,low,4,namesilo,,,18/09/2026 14:21
275fb9c7-8840-4327-9517-b4900e679bd2,loretta.chat,available,10.99,44.99,medium,low,7,namesilo,,,28/09/2026 22:00
df83d761-30df-49de-bd72-0b4e52c49cc6,roller.chat,available,10.99,44.99,high,low,6,namesilo,,,29/09/2026 13:05
ed3a721f-696d-4561-8876-d025a9c4df14,hesperian.chat,available,5.98,58.98,medium,low,9,namecheap,,,21/08/2026 07:27
35365ead-24f2-46a0-bf9f-41c40b8ed3eb,ascendant.chat,available,5.98,58.98,high,low,9,namecheap,,,
ffda6fb3-c917-4788-a26f-0551c9a2794a,appearing.chat,available,5.98,58.98,high,low,9,namecheap,,,19/09/2026 20:25
555b0a47-1052-4973-af56-d1057cea601f,anethum.chat,available,10.99,44.99,medium,low,7,namesilo,,,19/09/2026 05:35
4d987c21-6acc-45bf-8075-3f60e82aca0d,foretell.chat,available,5.98,58.98,high,low,8,namecheap,,,21/09/2026 03:34
d4655e8c-0167-4a0b-ae98-fd5915d4e211,rarified.chat,available,5.98,58.98,medium,low,8,namecheap,,,17/08/2026 15:46
e600738d-eb72-4c28-881f-19ef7d9006a9,creaseless.chat,available,5.98,58.98,medium,low,10,namecheap,,,13/08/2026 05:47
15c38e0d-c8f3-4fb4-b669-0f3a56d49b91,gravity.chat,resell,,,high,medium,7,,,,27/09/2026 13:53
2a0aba8b-ecd3-4ebf-a34b-4b3da691c2da,chester.chat,available,10.5,,high,low,7,unstoppable,,,28/09/2026 01:40
8649e67c-98e8-4654-bbd7-3e36b743707f,cosmetic.chat,resell,9.99,50.99,high,low,8,"Spaceship, Inc.",27/04/2026 23:35,27/04/2027 23:35,26/09/2026 05:16
0839d3d0-2068-4cbb-967c-2860e15f990a,doings.chat,available,10.99,44.99,high,low,6,namesilo,,,23/09/2026 03:17
6d43349d-ff99-4544-84f0-f560190108a0,vantage.chat,resell,,,high,medium,7,Dynadot Inc,04/02/2026 17:00,04/02/2027 17:00,26/09/2026 09:56
25be12f9-c217-45e7-ae33-b28b35d2370f,appreciative.chat,available,9.99,,high,low,12,name.com,,,
dddc5b9c-2a9f-4c95-bcc5-895de6b6ee66,oft.chat,premium,42.9,85.8,high,low,3,namecheap,,,14/09/2026 20:06
d9b58b64-7231-474f-87ba-166d15e6ce43,firmly.chat,available,10.99,44.99,high,low,6,namesilo,,,19/09/2026 17:07
f4e99e4a-5469-433c-9a29-cbe8c0c5291d,luteal.chat,available,5.98,58.98,medium,low,6,namecheap,,,24/08/2026 12:07
b0676087-9813-4a5a-a367-182bff72581c,dixon.chat,available,10.99,44.99,medium,low,5,namesilo,,,25/09/2026 17:44
772f1324-79e9-45f1-a310-6503490f5edc,autopsy.chat,available,10.99,44.99,high,low,7,namesilo,,,21/09/2026 07:38
cd02e29a-4b89-4a2c-a2bf-1fd551186a18,net.chat,resell,,,high,medium,3,"NameCheap, Inc.",26/02/2026 15:15,26/02/2027 15:15,26/09/2026 07:45
33f025dc-e426-4910-942f-43c0b6ba8aab,wavell.chat,available,5.98,58.98,medium,low,6,namecheap,,,20/09/2026 02:03
f7fb5997-ce70-4c29-93e4-2fa080a15435,sniff.chat,available,9.99,,high,low,5,name.com,,,
51e729e6-7b32-40b9-af58-daf3be9f68eb,reduce.chat,available,10.99,44.99,high,low,6,namesilo,,,24/09/2026 08:28
f68ce5fd-feab-4ed7-9218-058cc965edf9,backside.chat,available,5.98,58.98,medium,low,8,namecheap,,,09/08/2026 10:44
cb23c86b-e3cf-401c-9fb5-92debd8b7cea,designers.chat,premium,78.54,78.54,high,low,9,namesilo,,,29/09/2026 12:09
8876ba9d-ab73-4c60-afcc-f51a6515989d,ruthful.chat,available,5.98,58.98,medium,low,7,namecheap,,,12/08/2026 23:40
5056b461-3f9d-4210-acd0-2246a575de98,lowered.chat,available,10.99,44.99,medium,low,7,namesilo,,,25/09/2026 15:26
7647f99f-f588-48f3-9b2f-64e0d3873847,greedy.chat,available,5.98,58.98,high,low,6,namecheap,,,07/08/2026 22:09
5a85c145-62c8-4d70-9390-075f41267adc,opera.chat,resell,,,high,low,5,"Xiamen ChinaSource Internet Service Co., Ltd",09/05/2024 01:19,09/05/2027 01:19,28/09/2026 10:47
7d8d77b7-44ba-48f5-86df-b02405e167fb,interact.chat,resell,,,high,low,8,"Sav.com, LLC",29/12/2025 17:00,29/12/2026 17:00,26/09/2026 06:55
7b8a8041-6c18-4ab9-9621-7247f0655d91,tasmanian.chat,available,5.98,58.98,high,low,9,namecheap,,,11/09/2026 08:50
cd948530-74ff-4596-95d3-751c082387e4,fooling.chat,available,5.98,58.98,high,low,7,namecheap,,,18/08/2026 10:35
0f082fde-dd1f-406f-8a9f-9263299ce028,psychological.chat,available,10.99,44.99,medium,low,13,namesilo,,,28/09/2026 04:31
99511fc9-1329-4320-89e2-4bc3a7db8d95,ageing.chat,available,5.98,58.98,high,low,6,namecheap,,,21/09/2026 22:43
dcd93a1e-bce4-44ed-8c3e-be6c03574d1a,superiors.chat,available,35.2,35.2,medium,low,9,cloudflare,,,29/09/2026 05:50
1f9ac9f8-c8b6-43a2-8c23-6d4e3cc60d89,revelatory.chat,available,5.98,58.98,high,low,10,namecheap,,,06/08/2026 00:55
38382292-b207-4492-8587-4c66ba494265,alinement.chat,available,10.99,44.99,high,low,9,namesilo,,,18/09/2026 07:48
03484fc6-23fc-4a4a-981a-b39dddb72cf8,specialize.chat,available,5.38,36.43,high,low,10,spaceship,,,29/09/2026 14:15
1725571f-a637-47ce-af6e-56e6156635a6,world.chat,resell,,,high,medium,5,"Spaceship, Inc.",17/05/2015 16:00,17/05/2027 16:00,27/09/2026 08:03
2e09ba61-acb7-4afc-a806-873525ca2dc5,daredevil.chat,available,9.99,50.99,high,low,9,name.com,,,13/08/2026 17:43
84907cf8-41cf-442b-b3c7-ac29cbdedeb6,indorse.chat,available,5.98,58.98,medium,low,7,namecheap,,,08/08/2026 05:17
af4c38b8-b54d-4aa4-b480-a263719fc885,anhidrosis.chat,available,10.99,44.99,medium,low,10,namesilo,,,19/09/2026 07:47
a4bd79dc-3832-42c0-bcbb-bddf3e8f71d6,agnathan.chat,available,5.98,58.98,medium,low,8,namecheap,,,17/09/2026 18:33
61c22793-4ebf-42ea-a2d7-dd25539f8963,mean.chat,premium,42.9,85.8,high,low,4,namecheap,,,22/09/2026 18:47
4e5ab7f4-787e-45bd-9344-ea21b7b8ced1,akhenaton.chat,available,5.98,58.98,medium,low,9,namecheap,,,17/09/2026 23:57
416944d5-0fc2-41e6-abe2-bb7a95d5c07c,admitted.chat,available,5.38,36.43,medium,low,8,spaceship,,,27/09/2026 22:14
a57c3a93-6253-4f2a-aa4a-a0606105af0b,jammu.chat,available,5.57,37.55,medium,low,5,dynadot,,,29/09/2026 15:33
915ef05a-6e36-48ba-8d4e-c972182e4826,bodiless.chat,available,5.98,58.98,medium,low,8,namecheap,,,10/08/2026 16:48
3cc96441-81ea-45fe-81d1-dae7b19310f6,bernoulli.chat,available,10.99,44.99,medium,low,9,namesilo,,,23/09/2026 09:57
12398e4b-5b7a-488e-9562-54253c0fbf33,shocking.chat,available,10.99,44.99,medium,low,8,namesilo,,,24/09/2026 11:12
1e910b80-d698-4521-9796-046f9c28fab3,relieve.chat,available,5.98,58.98,high,low,7,namecheap,,,17/08/2026 17:04
807370bf-6f76-48ef-bcf8-581c1cc8b5de,evolutionary.chat,available,5.66,36.56,medium,low,12,porkbun,,,29/09/2026 10:23
ada2334c-8bae-40b5-918d-2adcf5cd7bc1,hematic.chat,available,5.98,58.98,medium,low,7,namecheap,,,20/08/2026 21:53
d9f6aaf5-930f-4029-9f00-5f127bbbc5b6,catalonia.chat,available,5.66,36.56,medium,low,9,porkbun,,,28/09/2026 09:16
fc65ade1-6ef5-4795-8c4a-94547a878853,electronic.chat,available,5.98,58.98,high,low,10,namecheap,,,19/09/2026 14:31
c838ab9a-68a2-4d95-84de-2f516ba978ce,demons.chat,available,10.99,44.99,low,low,6,namesilo,,,25/09/2026 21:42
61af9267-d4cb-4a8a-a18a-15ddaad6c113,strongest.chat,available,35.2,35.2,medium,low,9,cloudflare,,,28/09/2026 12:52
16599d53-0101-406c-8320-60d5d6516e4b,pastel.chat,available,5.98,58.98,high,low,6,namecheap,,,08/09/2026 10:04
8612dfe4-f7d2-4797-bf61-3ec8c85c0a9e,named.chat,available,9.99,,high,low,5,name.com,,,
04accb82-f4ff-4e54-b7e4-f045d1611745,convexly.chat,available,5.98,58.98,medium,low,8,namecheap,,,14/09/2026 08:39
5563ff9d-4de1-41af-b0fd-b4b5b3e7065e,researchers.chat,available,9.99,50.99,medium,low,11,name.com,,,18/09/2026 17:37
76c67c94-8370-4633-968e-bee996b73388,redo.chat,resell,,,high,low,4,Dynadot Inc,30/01/2026 17:00,30/01/2027 17:00,26/09/2026 08:33
55508529-dd08-4295-a873-9bc57762b97c,ellison.chat,available,10.99,44.99,high,low,7,namesilo,,,27/09/2026 03:49
7368969a-2cb8-4320-8cca-902116e3e7e7,angular.chat,resell,,,high,low,7,"Xiamen ChinaSource Internet Service Co., Ltd",25/03/2023 17:00,25/03/2027 17:00,26/09/2026 03:53
7fec5e73-f6ca-4c79-a826-7ab0c955dc18,unexciting.chat,available,5.98,58.98,medium,low,10,namecheap,,,12/09/2026 09:32
dbbfc3ba-149d-4990-bdd2-cc7556bb55a0,irrational.chat,available,5.98,58.98,high,low,10,namecheap,,,25/09/2026 11:23
fce38cd6-f6eb-4d1c-bc03-1c04b0389518,dormie.chat,available,5.98,58.98,medium,low,6,namecheap,,,14/08/2026 16:21
316af5b7-b321-4dfd-bd10-74c1fb78a828,wobbling.chat,available,5.98,58.98,medium,low,8,namecheap,,,13/09/2026 12:52
c727c6c1-37aa-46bc-8959-41df157a1ba5,larkin.chat,available,5.38,36.43,high,low,6,spaceship,,,27/09/2026 23:26
7c7cbfc1-b77e-42af-bd6f-2fbde60cff2f,easton.chat,available,10.99,44.99,high,low,6,namesilo,,,25/09/2026 16:33
ac69a47c-ac97-4219-9724-ed80dc0a09d2,yvonne.chat,available,5.98,58.98,high,low,6,namecheap,,,28/09/2026 03:58
b9748b13-6765-4e8f-9505-70f78f0eb0d9,runner.chat,resell,,,high,low,6,"Sav.com, LLC - 30",17/06/2026 15:15,17/06/2027 15:15,26/09/2026 08:46
c82a4a17-cd87-495c-a88f-f3778d9163dc,qualifying.chat,available,5.98,58.98,high,low,10,namecheap,,,23/08/2026 12:37
40a878b6-3a46-4ff4-ab04-fe1e203c47b6,rubbed.chat,available,10.99,44.99,medium,low,6,namesilo,,,17/09/2026 07:54
ae0fe685-1766-4612-bb51-5edda2461818,cosher.chat,available,5.98,58.98,medium,low,6,namecheap,,,13/08/2026 02:47
5835a610-d33c-4f42-b1ed-7b0687057fe7,quarterback.chat,available,10.99,44.99,high,low,11,namesilo,,,28/09/2026 15:47
7e0ca296-2bd6-4aa9-96bf-4d50b93369b2,penile.chat,available,5.98,58.98,medium,low,6,namecheap,,,08/09/2026 14:21
f2497109-41bd-4ea2-8619-5053941948f2,murdered.chat,available,5.98,58.98,medium,low,8,namecheap,,,03/09/2026 11:02
05625086-cb20-42a1-8510-142e63712490,papaw.chat,available,10.99,44.99,medium,low,5,namesilo,,,20/09/2026 14:12
771f0091-e742-49ce-b924-5b524e78b6a0,tress.chat,available,10.99,44.99,medium,low,5,namesilo,,,24/09/2026 07:57
b39345f3-40ff-4aa0-bc94-32170adb9ad9,citywide.chat,available,5.98,58.98,high,low,8,namecheap,,,12/08/2026 09:00
5b67e1fe-4b47-456d-9d93-11c1f3cc1e4e,restrictions.chat,available,5.66,36.56,medium,low,12,porkbun,,,29/09/2026 23:44
b76e7e94-3d76-4d0b-ac3e-85bafb52f126,safer.chat,resell,,,high,low,5,,,,27/09/2026 03:09
2d50cebb-7450-401f-a835-097a31eef3bf,araceae.chat,available,10.99,44.99,medium,low,7,namesilo,,,19/09/2026 23:36
72649b1c-596f-4c6c-9038-2816268c7289,stuffing.chat,available,5.98,58.98,high,low,8,namecheap,,,29/09/2026 14:01
4a4ef525-b71b-4406-b527-886ce9c0d50d,agdistis.chat,available,10.99,44.99,medium,low,8,namesilo,,,17/09/2026 16:43
9934a7a6-1d78-4698-a316-118fc473b84b,springfield.chat,available,35.2,35.2,high,low,11,cloudflare,,,29/09/2026 22:00
b3b2e214-8442-42c0-ad4e-95c596e8949b,likelihood.chat,available,5.38,36.43,high,low,10,spaceship,,,29/09/2026 01:35
113df98f-207f-4720-91e2-4035b0717a24,speeches.chat,available,10.5,,medium,low,8,unstoppable,,,28/09/2026 08:40
e248e1e8-1f8a-4723-b7f6-57dbd71e27a1,craven.chat,available,5.98,58.98,medium,low,6,namecheap,,,13/08/2026 05:27
e4ec90af-698d-473d-8f87-a6b834f9628e,lutetium.chat,available,10.99,44.99,medium,low,8,namesilo,,,20/09/2026 23:39
c0956476-86a4-4d92-9a93-4043b7c776ce,abcs.chat,available,5.98,58.98,high,low,4,namecheap,,,16/09/2026 14:38
9a6df634-8223-4c6d-b59e-49656a985ce9,bellying.chat,available,5.98,58.98,low,low,8,namecheap,,,09/08/2026 13:37
25f62232-ed1c-476a-9c98-115d50a4f2a7,dalton.chat,available,10.99,44.99,high,low,6,namesilo,,,28/09/2026 13:51
c6ee4fa4-baaf-4a28-940f-cde5a038ff01,dendroid.chat,available,5.98,58.98,medium,low,8,namecheap,,,06/08/2026 13:50
ec27beaf-70e4-47d6-90ef-48662a0b4c8b,mooch.chat,available,5.98,58.98,medium,low,5,namecheap,,,11/08/2026 09:27
5e077d3d-3d58-45f1-a154-2161712f9595,commend.chat,available,9.99,,high,low,7,name.com,,,
7650a611-ac0a-4cb0-92fb-7685ec5b0106,helen.chat,available,10.99,44.99,high,low,5,namesilo,,,25/09/2026 07:10
27f524bc-0fed-4651-8097-2555eadf2621,unmade.chat,available,5.98,58.98,medium,low,6,namecheap,,,12/09/2026 15:15
49385bf8-bb61-4c41-9f61-e360faf68f80,ardor.chat,available,10.99,44.99,high,low,5,namesilo,,,20/09/2026 03:15
c01b5cb2-fbe2-4282-bc4d-8ab2dc25a7c2,ailing.chat,available,5.98,58.98,high,low,6,namecheap,,,
d08fccb9-318b-43db-bcdf-777556f29823,unlighted.chat,available,5.98,58.98,medium,low,9,namecheap,,,12/09/2026 13:01
2e762aa0-1b7d-4dde-8166-86f7484ab889,highness.chat,available,5.38,36.43,high,low,8,spaceship,,,28/09/2026 14:27
aa0b66f5-d0f3-4d9d-9591-c33269539cef,narrowly.chat,available,5.98,58.98,medium,low,8,namecheap,,,15/09/2026 16:08
6525e6ac-51f8-4389-88a5-d7eace8bdfc1,likeable.chat,available,5.98,58.98,high,low,8,namecheap,,,23/08/2026 06:11
5a33a5dc-980e-447d-b93b-28f3e07955fe,inocor.chat,available,5.98,58.98,medium,low,6,namecheap,,,18/09/2026 23:58
f2b3e827-06ea-408b-b3cb-1238a167573b,sculpt.chat,available,5.98,58.98,high,low,6,namecheap,,,20/08/2026 18:43
2c3aa7e5-e334-4668-8675-ded229770b1b,hoping.chat,available,10.99,44.99,high,low,6,namesilo,,,25/09/2026 11:50
9ba143d7-03c4-495b-aaef-bf75d1bda813,waker.chat,available,10.99,44.99,medium,low,5,namesilo,,,20/09/2026 08:31
3c95ba7e-8584-4daa-b58e-4308fdc4601f,exploration.chat,available,10.99,44.99,high,low,11,namesilo,,,28/09/2026 02:39
e5ce7132-5671-4cf3-bb0e-b98c17a66057,appraisal.chat,available,5.98,58.98,high,low,9,namecheap,,,19/09/2026 22:07
bd052d06-f555-4dd3-ab80-c409d302fe84,outdoor.chat,premium,46.2,92.4,high,low,7,namecheap,,,
87505de5-4416-44d6-be87-735a1f9b7733,very.chat,resell,,,high,low,4,"DNSPod, Inc.",24/09/2023 15:15,24/09/2027 15:15,27/09/2026 09:52
4e66196f-525f-44a0-95a3-5b538746c186,donee.chat,available,5.98,58.98,medium,low,5,namecheap,,,09/08/2026 14:26
6854a98a-a781-4758-bdc5-78cc409fabdf,diffuse.chat,available,5.98,58.98,high,low,7,namecheap,,,14/08/2026 07:02
bdb50ca0-8954-4182-b41d-ee06f1a82bdf,condom.chat,available,5.98,58.98,high,low,6,namecheap,,,29/09/2026 10:43
c89aaed4-879d-4250-b3ac-0bb0fcce515c,agone.chat,available,5.98,58.98,medium,low,5,namecheap,,,
4341d6db-7215-4de8-8def-86d0819ad11a,clinched.chat,available,5.98,58.98,medium,low,8,namecheap,,,12/08/2026 10:46
f360521d-8a7f-4731-9c3f-a29e1df1dadb,earthlike.chat,available,5.98,58.98,medium,low,9,namecheap,,,14/08/2026 22:40
7565df5f-2cbe-4f5f-baef-b714ea50bc7c,gradually.chat,available,5.98,58.98,high,low,9,namecheap,,,14/09/2026 22:00
80b6e6c1-bb49-428a-97da-e31744ffd9cb,dunedin.chat,available,5.38,36.43,medium,low,7,spaceship,,,29/09/2026 03:53
eefeb2bd-e9b1-472f-a9a9-364f27e38687,viable.chat,available,5.98,58.98,high,low,6,namecheap,,,17/08/2026 16:52
19c0f064-2e11-42bc-8012-b418eaa41866,astronium.chat,available,5.98,58.98,medium,low,9,namecheap,,,20/09/2026 18:03
3ca060e2-9195-4e37-8b47-150edf588f46,postural.chat,available,5.98,58.98,medium,low,8,namecheap,,,09/09/2026 00:40
9ff52a66-486c-40ac-853a-f5e51cdd6fd7,absorbance.chat,available,5.98,58.98,high,low,10,namecheap,,,16/09/2026 18:11
b790a26b-b9c2-44b0-b96a-6bfbce572de5,cathodic.chat,available,5.98,58.98,medium,low,8,namecheap,,,11/08/2026 21:56
e7a67c80-e66b-403b-864b-d9b61db331a1,aplite.chat,available,5.98,58.98,medium,low,6,namecheap,,,19/09/2026 17:42
4b6e20e2-b89a-43f6-823f-853790e87efc,balusters.chat,available,10.99,44.99,high,low,9,namesilo,,,22/09/2026 00:30
e8b30054-189c-4232-8951-7f94fc486286,pretending.chat,available,9.99,,high,low,10,name.com,,,
cde0daa9-57ac-466a-8a92-9c7bc60ae04e,clapper.chat,available,9.99,50.99,medium,low,7,name.com,,,19/09/2026 20:51
cac03673-9b8e-481d-94d1-5769d2482161,someways.chat,available,5.98,58.98,medium,low,8,namecheap,,,15/09/2026 06:48
d85707e8-cb3c-4b30-94b2-b4dfa47411df,chargeman.chat,available,10.99,44.99,medium,low,9,namesilo,,,24/09/2026 04:25
71517f15-9bc1-467f-b457-7490a3a3313d,hostesses.chat,available,10.99,44.99,medium,low,9,namesilo,,,20/09/2026 07:50
ace67a8b-5e3a-4b30-b024-265734583207,empiric.chat,available,5.98,58.98,medium,low,7,namecheap,,,16/08/2026 18:19
9536ca74-635e-4a7a-8538-a13bdd487ccb,shifting.chat,available,5.38,36.43,high,low,8,spaceship,,,27/09/2026 21:05
105ba46a-85e7-4bd1-9a96-6470db46f897,releasing.chat,available,5.98,58.98,high,low,9,namecheap,,,09/09/2026 13:32
3162b2ee-e42c-48ee-bddf-354535ee1f0e,overload.chat,available,5.57,37.55,high,low,8,dynadot,,,29/09/2026 13:38
d36c874f-3ff5-4873-8efc-54c16c02b5f5,baltimore.chat,available,5.98,58.98,high,low,9,namecheap,,,22/09/2026 00:19
ffac304c-8caa-4fe8-b3b7-db63814a15c9,rapacity.chat,available,10.99,44.99,medium,low,8,namesilo,,,21/09/2026 08:45
862980f5-5612-47f6-9eb9-656b3e68ea3d,strengths.chat,available,10.99,44.99,medium,low,9,namesilo,,,18/09/2026 22:25
2e26fce1-43ca-49f3-a5bc-c4447c94dcc0,bellowing.chat,available,10.99,44.99,high,low,9,namesilo,,,23/09/2026 06:18
2ce9ab87-2719-4cc3-8d6a-40e9b2e09496,xlii.chat,available,5.98,58.98,medium,low,4,namecheap,,,
53651d56-b081-4008-ae60-e5987c35d822,dighted.chat,available,5.98,58.98,low,low,7,namecheap,,,14/08/2026 07:17
a7838323-2ac0-4080-bb8b-ec43a63d052e,adlumia.chat,available,10.99,44.99,medium,low,7,namesilo,,,17/09/2026 08:37
bc315b55-1be6-4c49-83e6-1e64acff2aaf,omnipotent.chat,available,5.98,58.98,high,low,10,namecheap,,,
deda31e1-882e-4b3b-a89b-6c048d9f6d64,piggish.chat,available,5.98,58.98,medium,low,7,namecheap,,,21/08/2026 10:18
ff16a1a6-fc8b-4fdc-822c-aa47f6302dcf,agitated.chat,available,5.98,58.98,high,low,8,namecheap,,,
9da97f76-425c-44b3-a250-c4f9461afb0b,thorough.chat,available,5.98,58.98,high,low,8,namecheap,,,17/08/2026 17:10
38b3dcc0-5706-467e-bbc6-0386f2c64081,outpouring.chat,available,10.99,44.99,high,low,10,namesilo,,,22/09/2026 07:58
bdc881d4-e6a7-4de8-83a2-11a2051174d5,defiance.chat,available,10.5,,medium,low,8,unstoppable,,,29/09/2026 12:02
e58bbe92-4c63-4ac8-b5bd-35a64bc3b5b0,cantaloupe.chat,available,9.99,50.99,high,low,10,name.com,,,24/09/2026 12:07
4d19370c-e095-4237-b4db-7a5be75166c3,induction.chat,available,5.38,36.43,high,low,9,spaceship,,,29/09/2026 12:10
b2b6c787-b777-4119-bf1f-b57d140bec61,razorback.chat,available,5.98,58.98,high,low,9,namecheap,,,09/09/2026 10:48
42c2b89b-80c1-409b-83d8-c718f89fe3ba,panel.chat,resell,,,high,low,5,"Sav.com, LLC - 24",31/05/2026 15:15,31/05/2027 15:15,26/09/2026 08:01
62bb24aa-9af6-470a-815b-cf4de7bd2940,fishtail.chat,available,9.99,,medium,low,9,name.com,,,
87f7cda9-0f51-4ab0-9951-958e8ccee8ac,bawbee.chat,available,10.99,44.99,medium,low,6,namesilo,,,22/09/2026 16:46
89388f58-f605-42da-a6c8-e7280b14e572,youngest.chat,available,9.99,,high,low,8,name.com,,,
b23e4272-0d10-4f51-834b-d6547bc643fe,hogarth.chat,available,10.99,44.99,high,low,7,namesilo,,,29/09/2026 13:03
a78b5b76-a991-4da9-ad59-cfefc69400d2,droopy.chat,available,5.98,58.98,medium,low,6,namecheap,,,14/08/2026 19:43
d8cbf521-614f-4e57-aa92-783df88af659,struggling.chat,available,5.98,58.98,medium,low,10,namecheap,,,10/09/2026 22:52
28609d00-db66-4539-95a8-d0a4c7d37381,esthesis.chat,available,10.99,44.99,low,low,8,namesilo,,,17/09/2026 13:28
5ae53b83-d57e-4d33-b2ff-e565c394faa5,forthwith.chat,available,5.98,58.98,medium,low,9,namecheap,,,10/09/2026 21:39
460c80a2-8260-4293-abec-5328769c8eaa,froze.chat,available,9.99,,low,low,5,name.com,,,
56cf7a43-79cc-4889-9f3e-91572ca56a2b,crucial.chat,available,10.99,44.99,high,low,7,namesilo,,,22/09/2026 00:39
26f5cee9-52fb-43aa-9965-92df468d3a3f,fooled.chat,available,5.57,37.55,low,low,6,dynadot,,,29/09/2026 04:52
8557c933-b20d-4113-ade9-7d934e392bcf,legalise.chat,available,5.98,58.98,high,low,8,namecheap,,,22/08/2026 23:07
76494634-0121-451a-9513-c3abacc11f0f,greene.chat,available,10.99,44.99,high,low,6,namesilo,,,25/09/2026 06:41
b11a1a4c-9ec4-4248-bfa4-31eaaaf62219,sticking.chat,available,10.99,44.99,high,low,8,namesilo,,,27/09/2026 06:41
4073c1a9-305e-433d-b2e2-4c95a0763c0f,openings.chat,available,5.98,58.98,medium,low,8,namecheap,,,20/09/2026 17:50
e96db1e8-5669-4e2f-b77b-a28504593090,fluorescence.chat,available,10.99,44.99,medium,low,12,namesilo,,,27/09/2026 23:02
e6125f57-060c-40b6-9f69-b5efcdf6b307,fear.chat,available,10.99,44.99,high,low,4,namesilo,,,24/09/2026 12:06
e0b97975-3489-4c7d-b1a9-e5185ede461f,gainesville.chat,available,10.99,44.99,medium,low,11,namesilo,,,27/09/2026 07:47
f8c581a7-53c4-4f20-8d76-6fd3a5db799c,hairbrush.chat,available,9.99,,high,low,10,name.com,,,
6b964baa-6892-49da-b617-d15b46f570d4,ingenuity.chat,available,10.99,44.99,high,low,9,namesilo,,,24/09/2026 15:35
5431f265-5b44-494d-8747-7060655d5a4a,pyrrhic.chat,available,5.98,58.98,medium,low,7,namecheap,,,09/09/2026 07:12
5f318a81-8452-4bf9-8ba2-dfe4d04410cf,bavaria.chat,available,10.99,44.99,high,low,7,namesilo,,,22/09/2026 16:42
ab897b43-c927-4a0b-b9b2-aa94c6c48e28,taken.chat,premium,118.8,118.8,high,low,5,namesilo,,,25/09/2026 10:20
7f885d93-eaa0-439a-89e5-e5f48a8fbd43,remover.chat,available,9.99,,high,low,7,name.com,,,
cf1640d6-489f-4750-b641-0c4dad03fb23,implications.chat,available,10.99,44.99,medium,low,12,namesilo,,,29/09/2026 17:18
654446a4-4932-49d2-ab47-7a1f888a7771,bitty.chat,available,5.98,58.98,high,low,5,namecheap,,,10/08/2026 07:51
5bac8518-c7a4-429d-bdd8-247b96bb6fc1,farmstand.chat,available,9.99,,high,low,10,name.com,,,
c1e23bb3-2e6e-430a-9a57-8b5147cde07b,arithmetic.chat,available,35.2,35.2,high,low,10,cloudflare,,,29/09/2026 07:54
22d70559-7c0b-4e90-bf18-e5c6628a663e,ingrowing.chat,available,5.98,58.98,medium,low,9,namecheap,,,22/08/2026 04:54
70384dab-845c-4fed-93ab-b7c0a03dc425,archduke.chat,available,10.99,44.99,medium,low,8,namesilo,,,20/09/2026 01:54
d3709096-1ac5-4ee5-9389-44412959bc7f,excuses.chat,available,10.99,44.99,medium,low,7,namesilo,,,28/09/2026 23:11
aa33a269-da00-42a8-abb6-34dc79b8d77e,belem.chat,available,10.99,44.99,medium,low,5,namesilo,,,23/09/2026 04:51
b16de1ee-8916-4897-aedb-e03949650a48,mythologic.chat,available,5.98,58.98,medium,low,10,namecheap,,,03/09/2026 12:33
3df7a9af-21c7-4a0e-88d7-6fe89b9ca3de,goony.chat,available,10.99,44.99,medium,low,5,namesilo,,,23/09/2026 23:48
99fb819d-f4b0-41be-8eb6-29ba32dd34c2,excessive.chat,available,5.98,58.98,medium,low,9,namecheap,,,17/08/2026 16:15
f1cf409c-bec8-4afa-8cee-4574a12577e5,arsenide.chat,available,5.98,58.98,medium,low,8,namecheap,,,20/09/2026 09:41
2586e2ae-7d0f-40f4-ba95-35acaaa4b0d9,gyp.chat,premium,42.9,85.8,medium,low,3,namecheap,,,14/09/2026 08:05
bc2c29fe-5159-4c6e-b653-ba08f2b871a4,dining.chat,premium,128.7,128.7,high,low,6,namecheap,,,29/09/2026 15:00
90a22ad3-8400-41d0-90e8-af04fb228084,bailiff.chat,available,9.99,50.99,medium,low,7,name.com,,,21/09/2026 19:06
6d0ff1a0-bbb7-4542-8575-128fccca3293,deflation.chat,available,5.57,37.55,medium,low,9,dynadot,,,29/09/2026 13:36
5c39dcf5-1cc2-4803-b964-1685225e3cd5,monumental.chat,available,10.99,44.99,high,low,10,namesilo,,,25/09/2026 17:13
f97cd56d-c0ab-4f6c-ad24-35caa9830b0a,wavering.chat,available,5.98,58.98,medium,low,8,namecheap,,,13/09/2026 00:41
e74f421e-3869-432a-a09f-0f33d2edacb5,hellenic.chat,available,5.98,58.98,high,low,8,namecheap,,,20/08/2026 17:54
2ffc991c-4d69-4cd5-9f01-4f920593dde0,ceo.chat,resell,,,high,low,3,"NameCheap, Inc.",15/11/2025 15:15,15/11/2026 15:15,26/09/2026 04:50
af364376-21ff-475d-b80a-b314d0bcc044,idly.chat,available,5.98,58.98,high,low,4,namecheap,,,15/09/2026 01:38
6f19f10c-f582-401b-a0af-bbaca804ac4b,carousing.chat,available,5.98,58.98,medium,low,9,namecheap,,,08/08/2026 04:24
1158f54a-22d2-4d53-abc8-87104ede88bc,sorbed.chat,available,5.98,58.98,medium,low,6,namecheap,,,10/09/2026 14:27
232c105b-5354-4301-b23c-2ef6025bea25,steakhouse.chat,available,10.99,44.99,high,low,10,namesilo,,,24/09/2026 14:46
399aee15-76a4-4647-aba4-8e13b12bc826,succinct.chat,available,10.99,44.99,high,low,8,namesilo,,,23/09/2026 17:07
78ab9a90-e763-480d-a8f4-7b951f34e658,tamar.chat,available,5.98,58.98,high,low,5,namecheap,,,29/09/2026 15:34
0ea344a0-25c4-4476-bb51-3eb54cfb79fe,grandiose.chat,available,5.98,58.98,high,low,9,namecheap,,,20/08/2026 17:58
c22612ae-1e63-4c1e-a8c0-6d07f0128643,grudging.chat,available,5.98,58.98,medium,low,8,namecheap,,,20/08/2026 20:31
441b1de4-deda-4782-8859-577ed2350863,paved.chat,available,5.98,58.98,high,low,5,namecheap,,,08/09/2026 10:53
f686f488-80d8-46fe-9dbe-e0365274f43c,astrogator.chat,available,10.99,44.99,medium,low,10,namesilo,,,20/09/2026 17:41
33866b24-f390-4399-b515-0e3bcb4fd94d,fingers.chat,available,9.99,,medium,low,7,name.com,,,
be4d2228-3bd1-43f1-8239-1e0905b8612b,becloud.chat,available,5.98,58.98,medium,low,7,namecheap,,,03/09/2026 23:53
1022f91a-a6b5-4b41-a4e5-4186d2ebeef1,unafraid.chat,available,5.98,58.98,high,low,8,namecheap,,,10/09/2026 01:28
a3a0da75-5e44-4e7a-90fa-6d03497edc4a,unfathomed.chat,available,5.98,58.98,medium,low,10,namecheap,,,12/09/2026 09:57
c500c37f-d955-4ced-bfb0-c1d078398de9,crumbly.chat,available,5.98,58.98,medium,low,7,namecheap,,,13/08/2026 09:02
0409134d-0a01-4501-8677-6754119d900b,adjuster.chat,available,10.99,44.99,high,low,8,namesilo,,,17/09/2026 08:32
fe3d7ce0-06df-4c38-86b5-09e13b2d83e6,neither.chat,available,5.98,58.98,high,low,7,namecheap,,,03/09/2026 15:18
748d741a-8a47-4f64-af7f-cb7b457c54d6,formal.chat,available,5.98,58.98,high,low,6,namecheap,,,24/09/2026 00:47
a9b89212-6fcd-403c-87aa-8cf141f8d7d0,deary.chat,available,9.99,50.99,high,low,5,name.com,,,13/08/2026 18:21
3cf40334-5800-4efa-9ca4-ca3ebd49a2cd,dodgy.chat,available,5.98,58.98,medium,low,5,namecheap,,,12/08/2026 01:46
6877f46c-8623-4e5d-bd5c-8dbf3e17e159,iffy.chat,available,5.98,58.98,medium,low,4,namecheap,,,18/08/2026 09:22
1a23a258-2fe9-430a-8ffb-9e40dc3529b4,plaudit.chat,available,5.98,58.98,high,low,7,namecheap,,,16/09/2026 22:36
8f6478fc-4437-42ce-b1d7-f82a7f64ae97,coagulate.chat,available,5.98,58.98,medium,low,9,namecheap,,,12/08/2026 13:27
51e4c9a7-c86e-43dc-80bf-4b05b312a791,panicked.chat,available,5.98,58.98,medium,low,8,namecheap,,,05/09/2026 00:57
4cc17b11-ebde-45fd-a8f3-889735f3571b,furled.chat,available,5.98,58.98,medium,low,6,namecheap,,,18/08/2026 18:44
11979149-6b9f-48d2-8d5b-58ae64ef4bfb,baldness.chat,available,10.99,44.99,medium,low,8,namesilo,,,21/09/2026 21:44
f3a3549d-fc5e-4da4-84d0-80077ccd9639,azonal.chat,available,5.98,58.98,medium,low,6,namecheap,,,08/08/2026 02:27
3d0fc0d3-25f1-490b-b8df-b08f3868a8ea,lepanto.chat,available,5.98,58.98,medium,low,7,namecheap,,,22/09/2026 15:21
d5e5ed37-6212-4dc5-97fb-024bd456e2e2,merits.chat,available,5.38,36.43,medium,low,6,spaceship,,,29/09/2026 16:29
e8c426f1-901a-459d-ac9d-2a09500829d8,colbert.chat,available,35.2,35.2,medium,low,7,cloudflare,,,27/09/2026 12:41
06ec7de1-0f0f-4d13-8c08-18a0e4fa902c,amateurs.chat,available,5.38,36.43,medium,low,8,spaceship,,,29/09/2026 00:10
c3233ba9-9d73-4ca6-9f9e-c62970f99205,skate.chat,resell,,,high,low,5,,,,28/09/2026 06:45
3e1fb790-749b-4ed2-84e0-8f5573713d19,snacks.chat,available,5.38,36.43,high,low,6,spaceship,,,30/09/2026 00:03
48102520-a9d9-447c-9dfd-74948dfec2da,wishfully.chat,available,5.98,58.98,medium,low,9,namecheap,,,16/09/2026 11:32
b7f883d8-a751-4f95-a395-3626811fab85,vengeance.chat,available,5.38,36.43,medium,low,9,spaceship,,,28/09/2026 11:03
c107066b-30db-4ffc-9fc5-9bee9a96bff3,agrimony.chat,available,5.98,58.98,medium,low,8,namecheap,,,17/09/2026 19:30
b65a7cd6-d1ef-476f-954c-b2987ddcfea7,abattoir.chat,available,10.99,44.99,medium,low,8,namesilo,,,16/09/2026 14:13
77d17135-1fd0-4384-b884-bf9cfc27c855,coherently.chat,available,5.57,37.55,medium,low,10,dynadot,,,28/09/2026 14:06
8a2a1416-1f47-4922-8d23-1ff8892f5c1b,unsparing.chat,available,5.98,58.98,medium,low,9,namecheap,,,22/08/2026 21:11
84928916-bcfa-4843-87d0-5f37c541b194,livable.chat,available,5.98,58.98,high,low,7,namecheap,,,24/08/2026 07:42
b90357ff-c30c-4f08-a293-6a49e8184e6b,adhere.chat,available,10.99,44.99,high,low,6,namesilo,,,23/09/2026 17:04
cdd3dd0d-c7c4-47c7-9227-50831c6c58c8,agonising.chat,available,5.98,58.98,medium,low,9,namecheap,,,
e4ed89d9-9d00-482b-9936-e25bab850db3,thorpe.chat,available,5.38,36.43,high,low,6,spaceship,,,30/09/2026 00:34
009bcd56-abae-437c-80fa-db5711d66ce6,adhesive.chat,available,5.98,58.98,high,low,8,namecheap,,,
b59e1efd-17c2-4e3e-b9d9-678d9874a903,bashful.chat,available,,,high,low,7,,,,
63cbd25f-c73b-477f-b27c-f368137db43c,treats.chat,available,10.99,44.99,high,low,6,namesilo,,,28/09/2026 05:00
8184e91b-0631-4bea-bfdc-50c3f9fbea45,walk.chat,resell,,,high,low,4,Xin Net Technology Corporation,24/09/2020 06:48,24/09/2027 06:48,27/09/2026 02:47
6a998dda-145a-4e6c-962f-1cb9ace01586,infirm.chat,available,9.99,50.99,medium,low,6,name.com,,,13/08/2026 20:32
3ebd674b-1cca-4901-894e-c208b2e817ac,filling.chat,available,10.99,44.99,high,low,7,namesilo,,,25/09/2026 22:48
8a4f973f-0293-468f-90a9-dac066937d69,statewide.chat,available,5.98,58.98,high,low,9,namecheap,,,10/09/2026 19:10
ab021574-c015-49dd-a32f-b0a1d4a51a76,devotion.chat,available,35.2,35.2,high,low,8,cloudflare,,,29/09/2026 14:45
2e64c6f2-64ea-44e5-b27a-11e74f37705f,bruckner.chat,available,5.98,58.98,medium,low,8,namecheap,,,19/09/2026 15:26
62e28a2f-d2f9-4a32-8983-e097cf2c3058,arbitrager.chat,available,10.99,44.99,medium,low,10,namesilo,,,20/09/2026 00:30
811502ae-72d5-4547-928f-30b14df4c4ba,movingly.chat,available,5.98,58.98,medium,low,8,namecheap,,,15/09/2026 15:35
836e22c2-9f8f-493a-aec0-1964c6841920,absorbing.chat,available,5.98,58.98,high,low,9,namecheap,,,21/09/2026 15:02
2be6ce83-dc94-477b-877f-8686ca9bff35,washy.chat,available,5.98,58.98,medium,low,5,namecheap,,,10/08/2026 13:56
3e493a5c-f808-4f31-a2a5-b984ac9855bb,kingsbury.chat,available,5.38,36.43,high,low,9,spaceship,,,29/09/2026 22:52
68da0062-7fe6-45db-81a6-1864993136cd,broderick.chat,available,10.99,44.99,high,low,9,namesilo,,,29/09/2026 21:41
fa4ea96c-837c-4a38-8a28-6ff9e0cd9a3d,missing.chat,available,10.99,44.99,high,low,7,namesilo,,,25/09/2026 16:55
ebdf77d3-115b-44aa-9466-b4ad8a417c40,andorran.chat,available,5.98,58.98,medium,low,8,namecheap,,,
1be832e5-2604-48d6-9351-c03a54798da0,unsized.chat,available,5.98,58.98,low,low,7,namecheap,,,12/09/2026 20:00
f3d29857-1721-45e5-9a6e-69b7feac3935,collarless.chat,available,5.98,58.98,medium,low,10,namecheap,,,12/08/2026 16:40
a4cc4653-44a2-4f68-9aa6-bc4906358de2,attained.chat,available,5.98,58.98,medium,low,8,namecheap,,,07/08/2026 15:07
ac0d7365-aec1-40ce-b4e7-c77f17f48f76,crusted.chat,available,5.98,58.98,medium,low,7,namecheap,,,13/08/2026 09:22
652beb3f-c572-43f2-8bad-ecdedfa138ce,deny.chat,available,10.99,44.99,high,low,4,namesilo,,,25/09/2026 11:07
ccea3048-4ccc-4db8-962f-417000df0f9a,seltzer.chat,available,10.99,44.99,high,low,7,namesilo,,,24/09/2026 12:47
7f6ec5cb-abf6-4b1c-bb23-f220252df648,centrist.chat,available,5.98,58.98,high,low,8,namecheap,,,12/08/2026 00:14
a708418e-214a-4dac-8256-5257af862fcb,npc.chat,resell,,,high,medium,3,,,,29/09/2026 13:34
8e31d08f-9cdc-42f5-8f3c-83a5940e47af,nearby.chat,resell,,,high,low,6,"Sav.com, LLC - 16",11/01/2026 15:16,11/01/2027 15:16,26/09/2026 07:43
f2e6bce6-bbd7-46b2-a587-fad7a8b615a1,courses.chat,premium,85.8,85.8,high,low,7,namecheap,,,
ad34eeb0-f51f-4542-a001-2e1f2951fba5,armature.chat,available,10.99,44.99,high,low,8,namesilo,,,20/09/2026 06:32
74496083-6d6f-4297-bd6f-6ccea23f62ed,ineffably.chat,available,5.98,58.98,medium,low,9,namecheap,,,15/09/2026 07:55
4fc6d246-05b3-4c2e-a0e9-be5caa833af2,lean.chat,resell,,,high,low,4,Alibaba Cloud Computing Ltd. d/b/a HiChina (www.net.cn),09/11/2020 08:06,09/11/2027 08:06,26/09/2026 07:10
c28a88b8-d3ac-462c-8610-9ee9c59f3442,eidetic.chat,available,5.98,58.98,medium,low,7,namecheap,,,15/08/2026 19:54
449579b2-ba42-42bd-b321-27c8467c99dd,freddie.chat,available,10.99,44.99,high,low,7,namesilo,,,26/09/2026 03:15
856b871c-395c-4e96-b7c5-330ef073b134,cognitive.chat,resell,,,high,low,9,"Xiamen ChinaSource Internet Service Co., Ltd",01/12/2021 17:00,01/12/2026 17:00,26/09/2026 05:06
6b93bc7b-f4a4-4600-8737-55f5022ffd33,eruption.chat,available,10.99,44.99,high,low,8,namesilo,,,24/09/2026 15:18
f07a06b7-0231-43bd-b6e3-3e7838871f20,commercially.chat,available,9.99,,medium,low,12,name.com,,,
7e2d14c1-6ed5-486c-aa4f-737233f450e6,ballooning.chat,available,10.99,44.99,high,low,10,namesilo,,,21/09/2026 23:14
a1ac5706-7d00-487d-bcd4-5f4598368960,downside.chat,available,10.99,44.99,medium,low,8,namesilo,,,24/09/2026 23:40
e595b70e-681f-410d-8e9c-9eb278363990,tycoon.chat,resell,,,high,low,6,"Sav.com, LLC - 1",30/03/2026 15:16,30/03/2027 15:16,26/09/2026 09:49
054f56e7-8bab-461a-bcbf-bac7ebd38a9a,cheesecakes.chat,available,5.98,58.98,medium,low,11,namecheap,,,08/09/2026 07:37
4e17ecf7-39dc-4d80-81e5-4822e93d91b3,believable.chat,available,5.98,58.98,medium,low,10,namecheap,,,09/08/2026 13:01
a6d5a167-a92e-4a2d-88a2-0124bed9d29e,agathis.chat,available,10.99,44.99,medium,low,7,namesilo,,,17/09/2026 16:31
af7127b7-7bc5-4b86-9df0-036bc5d513ce,grid.chat,resell,,,high,medium,4,Alibaba Cloud Computing Ltd. d/b/a HiChina (www.net.cn),04/08/2021 08:20,04/08/2027 08:20,26/09/2026 06:30
15d4bdb6-0d7b-4419-9680-6e12e2015b84,haircuts.chat,available,5.98,58.98,medium,low,8,namecheap,,,21/09/2026 07:16
0ebe51b3-e026-406c-83ee-7d3accc32cb2,homespun.chat,available,5.98,58.98,high,low,8,namecheap,,,13/08/2026 04:23
7cb6d2da-69e4-4042-8296-9f1b2ea2157c,juvenile.chat,available,5.98,58.98,high,low,8,namecheap,,,22/08/2026 14:58
48f45524-af14-43c4-832a-955dbc5d1062,deathly.chat,available,9.99,50.99,medium,low,7,name.com,,,13/08/2026 19:31
97438f60-2015-4ac6-8883-61b51572bc63,basinet.chat,available,10.99,44.99,medium,low,7,namesilo,,,22/09/2026 10:57
2a15fc87-4d09-47d7-bc76-0acf8bf8a8a1,medicinal.chat,available,5.98,58.98,high,low,9,namecheap,,,24/08/2026 19:01
8fb28623-4214-41f6-a55a-2a5cc93510e9,barm.chat,available,10.99,44.99,medium,low,4,namesilo,,,22/09/2026 06:34
e2ea6072-d029-4cbc-8534-32aa054adb8d,mordant.chat,available,5.98,58.98,medium,low,7,namecheap,,,13/08/2026 02:11
dfb9bb30-5025-4cc2-ae6a-c3658e283999,affiliates.chat,available,10.99,44.99,high,low,10,namesilo,,,21/09/2026 06:56
1efc0b17-5e9e-410e-8871-6d5df107f9bc,moslem.chat,available,5.98,58.98,high,low,6,namecheap,,,22/08/2026 10:47
34a96d75-7bcf-421a-b2b1-315ec36481ea,bureaucrat.chat,available,5.98,58.98,high,low,10,namecheap,,,17/09/2026 08:44
1ba91e1a-7754-47f1-bbbe-b0461da5502f,infective.chat,available,5.98,58.98,medium,low,9,namecheap,,,22/08/2026 04:14
747007d2-b398-4f62-acd6-886c7fa78670,cleverly.chat,available,10.99,44.99,high,low,8,namesilo,,,28/09/2026 13:56
4262639a-8337-4c0c-90dc-4ceb238dcd60,unsuccessful.chat,available,5.57,37.55,medium,low,12,dynadot,,,29/09/2026 21:15
40be2b3e-58e3-4a16-98c0-c59131a3a69f,bravery.chat,available,10.99,44.99,high,low,7,namesilo,,,29/09/2026 04:02
febc37d1-4ccc-4486-8bfc-3f1a39e5df17,mauldin.chat,available,5.98,58.98,medium,low,7,namecheap,,,23/09/2026 16:01
90f98ebf-8727-4021-9eb8-ad81ef017946,schuyler.chat,available,5.38,36.43,high,low,8,spaceship,,,28/09/2026 04:05
2e310c14-2eac-4a28-b8c5-23d91d087beb,corelli.chat,available,10.99,44.99,medium,low,7,namesilo,,,20/09/2026 01:37
d3fd9312-f1bd-493e-a5ae-4a5ddb73fb35,voted.chat,available,10.99,44.99,medium,low,5,namesilo,,,17/09/2026 16:50
a19c398b-759f-4ebb-b07d-5558f119c3da,lacks.chat,available,5.57,37.55,low,low,5,dynadot,,,29/09/2026 10:48
7f02dfbc-d6fb-4d61-86c4-935148cf0c1f,plumy.chat,available,5.98,58.98,medium,low,5,namecheap,,,18/08/2026 00:25
23b8ee70-41a7-4cac-855f-0883701fa1ae,larboard.chat,available,5.98,58.98,medium,low,8,namecheap,,,22/08/2026 19:51
a955807f-4b55-47ca-a453-4a6cad2b9947,convinced.chat,available,9.99,,high,low,9,name.com,,,
73623194-ee02-4c09-ac90-46be1d615b9f,waltz.chat,available,5.66,36.56,high,low,5,porkbun,,,28/09/2026 15:32
e024212e-91aa-4395-aa5a-f85f0dcbc712,saccharine.chat,available,5.98,58.98,medium,low,10,namecheap,,,12/08/2026 12:48
1adda81a-4fe9-4e12-8d0d-c71513cc4a90,involving.chat,available,9.99,,high,low,9,name.com,,,
c340ef7e-42b9-491d-b22b-5c3183f6fde6,profitably.chat,available,5.98,58.98,high,low,10,namecheap,,,14/09/2026 20:29
f2f4cbf9-f465-4a41-bc21-5ffe5f37b5eb,butcher.chat,available,5.38,36.43,medium,low,7,spaceship,,,29/09/2026 03:05
11baeeb6-4c8a-414e-875e-5f6d26baa109,slim.chat,resell,,,high,low,4,"Sav.com, LLC - 38",26/08/2026 15:15,26/08/2027 15:15,27/09/2026 22:35
8bafb10c-061b-4119-b974-d61c3a260b54,decrepit.chat,available,5.98,58.98,medium,low,8,namecheap,,,13/08/2026 05:40
cce234f5-0f38-47e8-8d74-ceafc58246dd,native.chat,resell,,,high,low,6,"DNSPod, Inc.",28/11/2022 15:15,28/11/2026 15:15,26/09/2026 07:43
f742930f-367a-4e99-a909-a37d7bc605da,creole.chat,available,5.98,58.98,high,low,6,namecheap,,,13/08/2026 06:07
ad4bf033-6cc7-445c-bc50-30c4ca00b970,lemonlike.chat,available,5.98,58.98,medium,low,9,namecheap,,,22/08/2026 23:27
153d2c47-9506-4ed5-a76a-4c4fc679f8d4,bred.chat,available,5.57,37.55,high,low,4,dynadot,,,29/09/2026 14:17
6533587d-4beb-46e5-bcf3-edd439074269,depression.chat,premium,38.94,38.94,medium,low,10,namesilo,,,25/09/2026 14:31
40848909-9f61-460e-b484-b8f5584c9d34,airtight.chat,available,5.98,58.98,high,low,8,namecheap,,,
6d2c6dab-506f-413e-8fba-31b92224f185,tuscany.chat,available,5.38,36.43,high,low,7,spaceship,,,27/09/2026 16:08
c94068ce-bdfb-4249-9764-0842850a101c,win.chat,resell,,,high,medium,3,Dynadot Inc,08/09/2023 16:40,08/09/2027 16:40,26/09/2026 10:10
ac2349eb-37cf-4348-9481-9a573ce413bc,physically.chat,available,10.99,44.99,medium,low,10,namesilo,,,19/09/2026 14:53
3d7a5c62-24ee-4615-bcd3-554013c7986d,kneeling.chat,available,10.5,,high,low,8,unstoppable,,,29/09/2026 19:28
afd57bf2-c0f2-4771-b5de-f643feed538c,truculent.chat,available,5.98,58.98,medium,low,9,namecheap,,,11/09/2026 20:29
978827ba-04f4-4bd7-b79c-6e1e3d4cdd02,aorta.chat,available,10.99,44.99,high,low,5,namesilo,,,19/09/2026 16:04
1a028336-c32b-4e12-bfcb-bef9360851c2,quizzes.chat,available,10.99,44.99,medium,low,7,namesilo,,,18/09/2026 17:07
1a489a96-62e3-40cb-84d3-9465ae518e78,flowerbed.chat,available,10.99,44.99,high,low,9,namesilo,,,22/09/2026 22:58
f113a2ca-83cf-4c4f-b3eb-e230178ee5cf,googler.chat,available,9.99,,high,low,7,name.com,,,
a53ddd62-8d52-462d-9604-b11a3d9b7926,jural.chat,available,5.98,58.98,medium,low,5,namecheap,,,22/08/2026 14:34
970d47b0-e510-443c-8be3-84c66eb4b2ce,dissolving.chat,available,10.99,44.99,high,low,10,namesilo,,,24/09/2026 23:08
1bb51e2c-243a-4a34-b13b-d9e9920cc1cb,marmoreal.chat,available,5.98,58.98,medium,low,9,namecheap,,,24/08/2026 16:12
c493adb2-f468-4a2a-ad77-70648b86996a,botanic.chat,available,5.98,58.98,high,low,7,namecheap,,,10/08/2026 20:46
0b06f136-ce99-4c6a-80d8-cc7da2479eea,fallow.chat,available,5.98,58.98,high,low,6,namecheap,,,17/08/2026 21:32
9d00c30a-56ac-45d8-8fab-758d6814f8f1,taliban.chat,available,9.99,50.99,high,low,7,name.com,,,27/09/2026 05:35
f6ad95a1-80a1-4c9c-ae64-924d1e48c90f,ducal.chat,available,5.98,58.98,medium,low,5,namecheap,,,14/08/2026 20:44
42324044-d381-4e12-b59e-252360d4e04d,murine.chat,available,5.98,58.98,medium,low,6,namecheap,,,03/09/2026 11:04
6db64fe9-8ee0-4ae0-8a35-609ad49e7f9e,dues.chat,available,5.98,58.98,high,low,4,namecheap,,,19/09/2026 19:46
a4d0f199-de6c-4b4f-a114-37b41a693746,hitter.chat,available,5.98,58.98,high,low,6,namecheap,,,22/09/2026 14:18
768f2583-06ad-4a52-be7e-36cc4ae3e458,apocryphal.chat,available,5.98,58.98,medium,low,10,namecheap,,,06/08/2026 01:11
a0e2ff22-1a4a-44d6-8243-61c60aec54e1,forming.chat,available,5.38,36.43,high,low,7,spaceship,,,28/09/2026 15:43
cac03fcc-0284-40fb-bf16-6f5f037f0540,meanly.chat,available,5.98,58.98,medium,low,6,namecheap,,,13/09/2026 23:32
79390a3e-3ec3-47f8-87ab-acaeb4a9f676,benefactor.chat,available,5.98,58.98,high,low,10,namecheap,,,23/09/2026 07:53
9806d8df-b41e-4650-bab3-89f14d90adbe,efferent.chat,available,5.98,58.98,high,low,8,namecheap,,,15/08/2026 14:22
6b7b15f1-71d8-4901-ae3e-3336c5e87849,depository.chat,available,9.99,50.99,high,low,10,name.com,,,24/09/2026 21:58
2da4cdba-1dcf-46d1-9171-d6af585f28ab,antagonist.chat,available,10.99,44.99,high,low,10,namesilo,,,17/09/2026 10:48
1500b776-68ab-4ac9-bc34-aad74d530f6b,diatomic.chat,available,5.98,58.98,medium,low,8,namecheap,,,14/08/2026 06:19
9b2ec7a6-998c-44a8-826c-8479f87a3a59,befog.chat,available,5.98,58.98,medium,low,5,namecheap,,,03/09/2026 23:52
b2a045d8-072e-45eb-b352-a503e2f71846,cowboys.chat,available,5.57,37.55,high,low,7,dynadot,,,28/09/2026 12:01
0230468f-ff7f-4347-8574-a3a7d84beccd,unsugared.chat,available,5.98,58.98,low,low,9,namecheap,,,12/09/2026 20:48
a1a49112-057a-4907-b57e-ffac16457249,cheater.chat,available,10.99,44.99,medium,low,7,namesilo,,,23/09/2026 02:30
edeb3298-1f5e-4e1a-8e99-7e5d2723d565,cacophonic.chat,available,5.98,58.98,low,low,10,namecheap,,,11/08/2026 12:33
53e8877a-9399-448d-be1b-535f87dcfdbb,genic.chat,available,5.98,58.98,medium,low,5,namecheap,,,18/08/2026 21:35
e647e8ce-80d0-46d0-8ce4-46d2075424ef,degage.chat,available,5.98,58.98,medium,low,6,namecheap,,,13/08/2026 23:57
7e58e197-558a-4da2-9960-9885feade7bd,expound.chat,available,5.98,58.98,high,low,7,namecheap,,,16/08/2026 00:37
6387c5a4-2daa-4c8e-8eb2-e5bdecbd1fc4,searches.chat,available,5.98,58.98,medium,low,8,namecheap,,,20/09/2026 07:30
b534f4ba-6785-4cd0-9f43-a7799fa5e3c9,motorcar.chat,available,10.99,44.99,high,low,8,namesilo,,,21/09/2026 05:29
9c02512c-e2ea-4a34-86ee-e18214d654af,drained.chat,available,5.98,58.98,medium,low,7,namecheap,,,14/08/2026 18:17
1ace1150-fdf1-4712-906e-5077e90289c4,lovely.chat,resell,,,high,low,6,Alibaba Cloud Computing Ltd. d/b/a HiChina (www.net.cn),27/01/2020 21:19,27/01/2027 21:19,26/09/2026 07:19
403bfc8d-91ec-4ed2-994d-105e54b0a539,bamboo.chat,resell,,,high,medium,6,"Chengdu West Dimension Digital Technology Co., Ltd.",07/05/2020 00:21,07/05/2027 00:21,26/09/2026 04:14
fda3df56-3580-4090-aff6-785d63cf71c8,blowing.chat,available,10.99,44.99,medium,low,7,namesilo,,,25/09/2026 00:21
9e214851-cb2b-4f56-8c03-3fa13f566429,bombs.chat,available,5.98,58.98,medium,low,5,namecheap,,,25/09/2026 21:33
f19cb554-cf51-4bd9-96c5-abc261b6205b,hampstead.chat,available,35.2,35.2,high,low,9,cloudflare,,,29/09/2026 03:36
ae35db36-48a7-45ab-bb28-fa8d72ea00dd,hygiene.chat,available,5.38,36.43,high,low,7,spaceship,,,29/09/2026 01:19
fae901bb-2e23-4290-804f-e6122f009b54,appall.chat,available,9.99,50.99,medium,low,6,name.com,,,18/09/2026 01:55
1fbf242e-55ec-43a8-9f24-e930657baa4f,vocational.chat,available,5.98,58.98,high,low,10,namecheap,,,13/09/2026 06:29
448e1a51-963d-4b85-9457-248cba7aa765,hooper.chat,available,5.38,36.43,medium,low,6,spaceship,,,29/09/2026 02:55
030e37a6-79d3-4c70-9878-040318eb9709,authorship.chat,available,10.99,44.99,high,low,10,namesilo,,,21/09/2026 05:26
6f94b2ca-75bb-45d5-aa1e-a39401090a2e,marne.chat,available,10.5,,medium,low,5,unstoppable,,,29/09/2026 15:38
ee49495f-0653-4b51-bed3-e86fd3167fa1,surgeons.chat,premium,,,medium,low,8,,,,28/09/2026 17:27
797d6330-ae34-487e-ab9c-61531938bc22,cancerous.chat,available,5.98,58.98,medium,low,9,namecheap,,,11/08/2026 16:33
cca76721-26d5-414f-9653-9209dafba3ab,paterson.chat,available,10.99,44.99,high,low,8,namesilo,,,25/09/2026 09:48
4307db5d-5571-455b-ba77-604ce213f59e,commerce.chat,resell,,,high,low,8,"DNSPod, Inc.",02/01/2021 19:12,02/01/2027 19:12,28/09/2026 15:11
a9d62c2e-65c2-4d38-818d-1e07a6349f9f,equivalent.chat,available,10.99,44.99,high,low,10,namesilo,,,24/09/2026 14:50
6955f2f0-461e-4b46-9484-3df6fe43c44c,differently.chat,available,10.99,44.99,medium,low,11,namesilo,,,26/09/2026 03:11
81b2b25a-3818-44d6-a25b-4fb013dcc9d4,containment.chat,available,10.99,44.99,high,low,11,namesilo,,,29/09/2026 10:17
b3e33adc-5bc2-48c4-8054-1aa17caa78f4,bise.chat,available,5.98,58.98,medium,low,4,namecheap,,,23/09/2026 21:37
bc78ae3f-e957-4c55-bf6e-bff33a43d64e,stippled.chat,available,5.98,58.98,medium,low,8,namecheap,,,14/08/2026 16:36
d045b82e-00c0-4ce0-80ae-a19c1c464620,tautog.chat,available,10.99,44.99,medium,low,6,namesilo,,,24/09/2026 02:17
675e9aca-215b-4a88-aa06-4e9a54bef118,untilled.chat,available,5.98,58.98,medium,low,8,namecheap,,,12/09/2026 21:24
cab06754-8604-4e9a-baac-dae05f1db768,measures.chat,available,10.99,44.99,low,low,8,namesilo,,,28/09/2026 08:34
50ad168b-6bb1-4223-ae8e-0cb835526a03,immobile.chat,available,5.98,58.98,medium,low,8,namecheap,,,21/08/2026 21:05
b1ce113c-a3f1-4d2c-a7d1-24be1695be01,vacant.chat,available,5.98,58.98,medium,low,6,namecheap,,,13/09/2026 00:38
ebbd05c9-4e4a-4d30-af7e-8fe71e6126a4,churlish.chat,available,5.98,58.98,medium,low,8,namecheap,,,12/08/2026 07:49
ad36dc47-6e21-48da-be19-ea158eaf2fc5,waterford.chat,available,5.38,36.43,high,low,9,spaceship,,,27/09/2026 16:17
ff7f7e48-ce56-4103-857b-d435b7dd39e6,univalent.chat,available,5.98,58.98,medium,low,9,namecheap,,,12/09/2026 14:00
ac96e54d-e4fd-416a-9883-c7d49ec82d0d,congruous.chat,available,5.98,58.98,medium,low,9,namecheap,,,12/08/2026 21:56
4f1e24fc-75a0-4b5c-baa1-2a413b10bf75,dionysia.chat,available,10.99,44.99,high,low,8,namesilo,,,21/09/2026 13:58
56e8f3dc-7392-4166-89cb-685c0eb5e4bb,adenium.chat,available,10.99,44.99,medium,low,7,namesilo,,,17/09/2026 07:28
090c73d0-e56b-4baa-8539-1dfdb8f1958d,bluestem.chat,available,10.99,44.99,medium,low,8,namesilo,,,19/09/2026 04:58
686d9718-36a4-46bd-b979-6714fa3b0407,kissed.chat,available,10.99,44.99,medium,low,6,namesilo,,,28/09/2026 04:54
a33cbbbe-6df0-4587-b2cd-b6acfb1239e8,bartlett.chat,available,5.98,58.98,high,low,8,namecheap,,,22/09/2026 09:19
b9035d3a-ee41-458e-b4d7-fabb0d209f8e,atriplex.chat,available,10.99,44.99,medium,low,8,namesilo,,,21/09/2026 00:45
13d67c09-bc54-4ffc-b7d8-83966531f85c,infantile.chat,available,5.98,58.98,high,low,9,namecheap,,,12/08/2026 05:04
b09cd43f-5d2f-4b5e-a25c-f51826a9aaec,inheritance.chat,available,10.99,44.99,high,low,11,namesilo,,,28/09/2026 12:28
bea44407-ee83-4bb5-afa4-f0890c44b2bf,slugger.chat,available,9.99,50.99,high,low,7,name.com,,,22/09/2026 14:18
5d31066d-cb69-489f-8815-11012efe70b8,engineering.chat,premium,108.9,108.9,high,low,11,dynadot,,,30/09/2026 01:32
d93a825d-2a79-4abf-9fca-93c13c031773,geniculate.chat,available,5.98,58.98,medium,low,10,namecheap,,,18/08/2026 21:38
7ca55e6b-9977-42c7-be9c-6d9b943061b9,moresque.chat,available,5.98,58.98,medium,low,8,namecheap,,,25/08/2026 06:01
9aa921b4-e170-43d8-8ec0-5e3eb1c7ecad,bavarian.chat,available,5.98,58.98,medium,low,8,namecheap,,,09/08/2026 02:00
1b7d1ffc-1561-4fd0-8e85-61f24b3d1793,naturistic.chat,available,5.98,58.98,medium,low,10,namecheap,,,03/09/2026 13:59
17b98a90-a3d9-4951-91e8-f46e9d095672,decolor.chat,available,10.99,44.99,medium,low,7,namesilo,,,24/09/2026 05:10
378211ec-b262-4382-b3f7-2ac063fb18a7,dewy.chat,available,,,medium,low,4,,,,
cc9ed453-7998-447c-bb9f-b6f15a90e2d6,leavitt.chat,available,5.38,36.43,medium,low,7,spaceship,,,29/09/2026 04:25
7734d416-c692-49c8-8be2-ffdcc2833251,accusive.chat,available,5.98,58.98,low,low,8,namecheap,,,
e6d814bf-25f6-45c7-8ae8-fe223a3590f8,plainly.chat,available,5.98,58.98,high,low,7,namecheap,,,08/09/2026 20:28
ca27c4db-3cd0-4cb8-853e-2bee8b285734,atrophic.chat,available,5.98,58.98,low,low,8,namecheap,,,07/08/2026 14:52
313de52b-06a3-41d6-86f7-cf3e750129cf,catharsis.chat,available,10.99,44.99,high,low,9,namesilo,,,16/09/2026 17:03
38d93370-4a65-4d72-b44f-61b048df9402,blackshirt.chat,available,5.98,58.98,medium,low,10,namecheap,,,24/09/2026 03:05
33e18017-749c-4b7d-9a3d-d2d9b3e53eae,england.chat,premium,34.36,68.51,high,low,7,spaceship,,,29/09/2026 18:14
38160d65-5c50-46ca-8cdf-2b9fd6b1f8bf,sanious.chat,available,5.98,58.98,medium,low,7,namecheap,,,21/08/2026 17:49
cc508945-b4d3-4960-8e4f-86de041581ff,ambulant.chat,available,5.98,58.98,medium,low,8,namecheap,,,
1970306a-394f-42bc-8054-82f3832ddb96,smells.chat,available,5.38,36.43,low,low,6,spaceship,,,28/09/2026 08:33
3c378e70-dee4-4119-92b7-f4854cd78573,patronage.chat,available,5.98,58.98,high,low,9,namecheap,,,21/09/2026 15:39
98e3300e-c72d-434f-b289-a8f6b07743cf,monticello.chat,available,5.98,58.98,medium,low,10,namecheap,,,28/09/2026 12:25
7eb881c1-a43b-40e9-b031-3d739e276ad4,wheedle.chat,available,10.99,44.99,high,low,7,namesilo,,,24/09/2026 04:07
b0e8adac-e9d7-4de5-a2ed-d842070b674d,airily.chat,available,5.98,58.98,medium,low,6,namecheap,,,13/09/2026 18:31
cf91453b-069e-4ddf-8ca6-5ad24a69bfeb,aright.chat,available,5.98,58.98,high,low,6,namecheap,,,13/09/2026 20:49
cde1eba4-195b-41ab-b06c-55f94f85ba47,belittling.chat,available,5.98,58.98,medium,low,10,namecheap,,,09/08/2026 13:10
e626aea4-ed70-47a6-ae9a-0411644203d9,lienal.chat,available,5.98,58.98,low,low,6,namecheap,,,23/08/2026 01:33
71d75665-d7f5-4d97-b4c2-4bdfdd0297da,nights.chat,available,10.99,44.99,high,low,6,namesilo,,,17/09/2026 22:10
ecb165f9-daf9-4747-8969-bde180c0efd2,spiteful.chat,available,5.98,58.98,medium,low,8,namecheap,,,14/08/2026 04:20
24988daf-d3a2-438c-96c2-2277084a97c7,jena.chat,resell,,,medium,low,4,Porkbun LLC,16/12/2025 01:01,16/12/2026 01:01,26/09/2026 06:59
b84c992b-d17d-4504-9970-41e55ddb58d0,tomb.chat,available,5.38,36.43,medium,low,4,spaceship,,,27/09/2026 16:05
0aa46e1e-1872-40e2-90cb-3249210534a7,manufacturing.chat,resell,,,high,low,13,"Sav.com, LLC - 26",04/02/2026 15:16,04/02/2027 15:16,28/09/2026 04:36
bc20551c-2eda-42f5-9828-d3e4873b39af,physic.chat,available,10.5,58.98,medium,low,6,unstoppable,,,28/09/2026 07:44
02a627da-49cf-47ca-94a4-9719705cea2b,bowling.chat,premium,78.54,78.54,high,low,7,namesilo,,,27/09/2026 03:22
2f44c424-9405-463f-ad10-fb36c9787f79,transpolar.chat,available,5.98,58.98,medium,low,10,namecheap,,,11/09/2026 18:57
78f1522f-48e6-464d-b50e-90df3e447112,damaging.chat,available,9.99,50.99,medium,low,8,name.com,,,13/08/2026 16:05
c1a21524-e507-4521-8867-c9d9e69f2103,infantry.chat,available,5.98,58.98,high,low,8,namecheap,,,29/09/2026 13:08
9fc8c097-3f90-42d7-888a-b40859381df3,bivalvia.chat,available,10.99,44.99,medium,low,8,namesilo,,,23/09/2026 23:16
d24255c0-af29-48e5-a47e-140c86f7401c,neural.chat,resell,,,high,low,6,"Xiamen ChinaSource Internet Service Co., Ltd",31/07/2023 17:00,31/07/2027 17:00,26/09/2026 07:45
5afc80bb-a74c-4310-9d0d-7991772ab76f,myotic.chat,available,5.98,58.98,medium,low,6,namecheap,,,25/08/2026 01:02
81209820-05c1-445e-8f25-2e534dcbe2bf,hoped.chat,available,10.99,44.99,medium,low,5,namesilo,,,27/09/2026 02:59
b6e1d349-713d-4594-9ba7-93f8c54a393f,sensors.chat,available,10.99,44.99,medium,low,7,namesilo,,,28/09/2026 09:09
0f6dc864-0dc8-4fb2-ad0a-04e9cda6bedb,charitable.chat,available,5.98,58.98,high,low,10,namecheap,,,12/08/2026 02:34
b31f83c2-5aca-41bd-b869-dd4f35b24356,curricular.chat,available,5.98,58.98,high,low,10,namecheap,,,13/08/2026 11:29
d628f3e3-ec94-4016-8b73-f9eec33023bd,revocable.chat,available,5.98,58.98,medium,low,9,namecheap,,,09/09/2026 16:21
4dbca190-6f4d-417c-85f4-6794f502e94f,findings.chat,available,5.38,36.43,high,low,8,spaceship,,,28/09/2026 19:12
02a46703-fae6-4d5a-a5e0-e4e3526cae5e,untaped.chat,available,5.98,58.98,medium,low,7,namecheap,,,12/09/2026 10:16
00553a92-b735-4a29-b374-702fb8b9d6ab,uncle.chat,available,9.99,,high,low,5,name.com,,,
c79c34fe-19a2-4137-bac4-f61a68ad5e51,stated.chat,available,5.98,58.98,high,low,6,namecheap,,,10/09/2026 19:08
52601769-908c-4017-8b75-4e17a2d01330,lightwood.chat,available,5.98,58.98,medium,low,9,namecheap,,,16/09/2026 20:15
a5eaf44c-0f8a-496f-8d08-1b2fd3ba32c5,volunteers.chat,available,5.98,58.98,high,low,10,namecheap,,,18/09/2026 01:21
7f398e21-bd35-4014-a989-4f534e2d6e74,eighteen.chat,available,10.99,44.99,high,low,8,namesilo,,,21/09/2026 11:58
33511e9b-2a8f-4ab3-bfd1-f85a80991080,domesday.chat,available,10.99,44.99,medium,low,8,namesilo,,,29/09/2026 09:11
887fdd58-f340-4bb1-b135-c9b1d25566dc,crowns.chat,available,10.99,44.99,medium,low,6,namesilo,,,18/09/2026 06:26
68188e0e-8630-4560-a19c-c0cf4269769f,northwest.chat,premium,34.36,68.51,medium,low,9,spaceship,,,28/09/2026 17:00
ffe30e4a-a946-45d7-b81b-adeda8c57bf0,pittsburg.chat,available,10.99,44.99,medium,low,9,namesilo,,,28/09/2026 16:44
b3f5c162-f252-47cf-af55-b9a94f75810d,biohazard.chat,available,5.98,58.98,medium,low,9,namecheap,,,23/09/2026 18:14
22219070-d256-48aa-a334-0807fc4973d0,underway.chat,available,5.98,58.98,high,low,8,namecheap,,,12/09/2026 07:42
18808ac9-0e77-4703-9357-b8464b29bc02,alexei.chat,available,5.57,37.55,high,low,6,dynadot,,,29/09/2026 10:07
4b475491-1ade-407b-a8d4-9f73da705af4,barney.chat,available,35.2,35.2,high,low,6,cloudflare,,,29/09/2026 21:21
f93e5e88-234a-49d7-ad22-34a7e4791f75,belch.chat,available,10.99,44.99,medium,low,5,namesilo,,,23/09/2026 04:34
722a89da-f03e-4c88-b429-351c23d2524a,uss.chat,premium,38.94,38.94,high,low,3,namesilo,,,25/09/2026 13:39
e0f85685-6e84-4781-a89d-e68ee16911b6,craggy.chat,available,5.98,58.98,medium,low,6,namecheap,,,13/08/2026 04:44
9f3e3734-af9d-46f0-b0cc-d27464c02b21,gogh.chat,available,5.38,36.43,medium,low,4,spaceship,,,28/09/2026 19:21
2e39400f-89ec-4bc6-b74d-c71b2ab42a6a,servers.chat,premium,99.5,,high,low,7,unstoppable,,,29/09/2026 17:57
7581f574-1a07-4c65-9b6f-584eee95804e,sitka.chat,available,5.38,36.43,high,low,5,spaceship,,,29/09/2026 20:23
c2125594-eb4a-4f9c-a556-7ae84a6903a7,convent.chat,available,5.66,36.56,high,low,7,porkbun,,,29/09/2026 11:58
fc1967e1-f06c-43af-bbc4-6a33efa8407b,ossiculate.chat,available,5.98,58.98,medium,low,10,namecheap,,,04/09/2026 18:24
47f06e7b-0bd3-4a2d-9df5-7b49459ef379,amnesty.chat,available,10.99,44.99,high,low,7,namesilo,,,18/09/2026 22:23
d1ecb203-863f-4594-8890-97af5e46df26,unmediated.chat,available,5.98,58.98,medium,low,10,namecheap,,,12/09/2026 15:32
a614c2ac-011d-4848-99e8-0f29749ef964,cantabile.chat,available,5.98,58.98,medium,low,9,namecheap,,,11/08/2026 17:38
9c99d78d-ff2b-442c-98ff-410d6bf14c90,aldrich.chat,available,5.38,36.43,high,low,7,spaceship,,,28/09/2026 04:14
ecb606c7-879c-464f-9c53-87f9daffd8e5,uncharted.chat,available,5.98,58.98,medium,low,9,namecheap,,,12/08/2026 02:53
b528f8fc-de97-4e7b-9ae0-a09868b020c4,ternion.chat,available,5.98,58.98,medium,low,7,namecheap,,,
e744bcd7-ab71-4f83-b681-740e2d38cc02,mesmerised.chat,available,5.98,58.98,medium,low,10,namecheap,,,17/08/2026 22:52
a5b0580f-0d59-41a8-8485-0009e92b0132,mesic.chat,available,5.98,58.98,medium,low,5,namecheap,,,24/08/2026 21:11
ca2d9ec5-9641-4200-a8f9-35b3cb8abba3,drugstore.chat,available,10.99,44.99,high,low,9,namesilo,,,19/09/2026 19:43
426369ff-9e56-4b13-8429-31f307a5cf63,darryl.chat,available,35.2,35.2,medium,low,6,cloudflare,,,28/09/2026 21:59
57b82921-ffe9-47fd-a3bd-7b7646bc2583,mpa.chat,premium,34.36,68.51,medium,low,3,spaceship,,,28/09/2026 11:24
dfc1973d-76f6-4d92-941a-f4641fd6ade7,cara.chat,resell,,,high,low,4,,,,28/09/2026 22:02
f1b383bd-1bc7-4217-877e-0aa4defaf5c6,corvine.chat,available,5.98,58.98,medium,low,7,namecheap,,,13/08/2026 02:37
b4f69fac-dfc8-4080-9347-5af0fe0af3bb,intelligence.chat,resell,,,high,medium,12,"DNSPod, Inc.",19/01/2023 15:15,19/01/2027 15:15,28/09/2026 04:17
0cdf45a9-84af-4a40-bd2b-00df86db7966,lexically.chat,available,5.98,58.98,medium,low,9,namecheap,,,15/09/2026 11:16
d6764c12-cfdf-455f-8ddd-b0225c40d7b7,runic.chat,available,5.98,58.98,medium,low,5,namecheap,,,09/09/2026 19:35
f00387cd-dbab-452b-85ba-d6294a487d73,lecherous.chat,available,5.98,58.98,medium,low,9,namecheap,,,22/08/2026 22:17
745269f7-1931-44f5-8fc2-12cb99c48529,microscopic.chat,available,5.38,36.43,high,low,11,spaceship,,,29/09/2026 08:46
147b3f9a-3628-437a-8e02-c8b854953077,specialist.chat,premium,,,high,low,10,,,,28/09/2026 02:23
f4843037-f7e9-4e76-9c38-f5f66e5ff7f0,amulet.chat,available,10.99,44.99,high,low,6,namesilo,,,19/09/2026 00:10
9424d5c6-8af2-4962-bb23-203519bde6fe,revenue.chat,premium,46.2,92.4,high,low,7,namecheap,,,
bc4a641c-dffb-4cfe-8d9f-a992992006b4,abysmal.chat,available,5.98,58.98,medium,low,7,namecheap,,,
9d0e70dd-2fef-4052-8fa4-91a6437ed573,dustbin.chat,available,10.99,44.99,high,low,7,namesilo,,,20/09/2026 13:42
f32b3262-54d1-4f90-a2fa-54095152d1fb,atomistic.chat,available,5.98,58.98,low,low,9,namecheap,,,07/08/2026 13:42
de319400-039a-4c8d-a2b7-416dbe38dbaa,uppsala.chat,available,35.2,35.2,medium,low,7,cloudflare,,,28/09/2026 11:02
39b6c7af-810d-41b6-a611-22a09c0dccde,studded.chat,available,5.98,58.98,medium,low,7,namecheap,,,10/09/2026 22:57
867f48b5-6c1b-44be-be91-229fab16c82e,necromancy.chat,available,9.99,50.99,medium,low,10,name.com,,,23/09/2026 23:53
b0dee375-7e28-4f8b-94a2-c89b7677cff8,lackluster.chat,available,5.98,58.98,medium,low,10,namecheap,,,22/08/2026 18:07
94a8117c-9f35-4036-adde-b06cbc467f47,mothy.chat,available,5.98,58.98,low,low,5,namecheap,,,25/08/2026 07:14
43a99cdb-4866-4c7b-b2c0-355cc548856b,stratified.chat,available,5.98,58.98,medium,low,10,namecheap,,,09/08/2026 06:36
61d9b7e6-659f-4fd8-9842-42bae57df562,potentially.chat,available,10.5,,medium,low,11,unstoppable,,,28/09/2026 07:08
169f3f78-1052-42e7-b437-ddab108efc91,welshman.chat,available,5.98,58.98,medium,low,8,namecheap,,,13/09/2026 10:44
5e2d32e8-8bc8-4c1b-aafa-a1d9ba28df05,slimed.chat,available,5.98,58.98,low,low,6,namecheap,,,10/09/2026 10:57
a9be0cf0-6c52-4704-a7f9-5cd80ebba995,vicksburg.chat,available,10.99,44.99,medium,low,9,namesilo,,,28/09/2026 03:05
0d7b13c7-0eec-45ad-a4ca-c35b9c2afba8,flagging.chat,available,5.98,58.98,medium,low,8,namecheap,,,14/08/2026 19:41
d34a12f0-f8bd-4633-86c6-7f6551ba8903,selflessly.chat,available,5.98,58.98,high,low,10,namecheap,,,13/09/2026 19:23
54a9ccc9-dcbc-4a27-b327-1818ca73f11d,antbird.chat,available,10.99,44.99,medium,low,7,namesilo,,,19/09/2026 12:17
4611391d-1b4b-4d6d-86c7-967d7d6342e2,mediated.chat,available,5.98,58.98,high,low,8,namecheap,,,24/08/2026 18:53
dc2b984b-1764-4f9d-bd76-0ffee0fe9156,legally.chat,available,9.99,50.99,medium,low,7,name.com,,,13/08/2026 19:07
885bbb16-1fc0-4379-870b-303c6a4b0afa,fabulous.chat,premium,64.35,128.7,high,low,8,namecheap,,,17/08/2026 20:07
cb567f6c-dd96-4331-bdd3-d70d44b2af3e,printable.chat,available,10.99,44.99,high,low,9,namesilo,,,27/09/2026 05:59
3ff1d648-4272-4b01-b8d9-b562dab83514,satisfy.chat,available,9.99,,high,low,7,name.com,,,
64f5e39c-e9fe-491e-bd3f-a8bdedb95649,eustace.chat,available,10.99,44.99,medium,low,7,namesilo,,,29/09/2026 15:27
a2dba5ec-ccd8-4c40-b644-4049b714cd4d,coordination.chat,available,5.38,36.43,high,low,12,spaceship,,,29/09/2026 23:16
4c8d3e95-68ee-45e6-ba1f-a4928b9cbde9,deciphered.chat,available,5.98,58.98,high,low,10,namecheap,,,13/08/2026 21:34
8098fad5-ade1-4ea2-9b64-2c297c20a21d,television.chat,resell,,,high,low,10,"Xiamen ChinaSource Internet Service Co., Ltd",27/09/2024 17:00,27/09/2027 17:00,28/09/2026 15:29
56b27396-f2f4-4c0a-acdf-c6b5428fad54,coniferous.chat,available,5.98,58.98,high,low,10,namecheap,,,12/08/2026 20:37
3c7467ab-6363-486f-840c-992ea3b8de47,overriding.chat,available,5.98,58.98,high,low,10,namecheap,,,04/09/2026 21:39
25f7c93b-e45d-45a0-ab09-feaded96ccba,riotous.chat,available,9.99,50.99,medium,low,7,name.com,,,13/08/2026 20:26
065c72f7-29b4-45e7-80b0-f3859665e747,reversible.chat,available,5.38,36.43,high,low,10,spaceship,,,27/09/2026 14:17
27df1c80-bf69-47eb-b336-1b445eb00f50,connoisseur.chat,available,5.57,37.55,high,low,11,dynadot,,,29/09/2026 02:31
8d9a6bd3-d9cd-4180-bcd8-6ebeb6e5e95d,paralytic.chat,available,5.98,58.98,medium,low,9,namecheap,,,08/09/2026 00:57
3ef090ed-c3e7-4f1b-83e7-c7888dd7bb9b,frilly.chat,available,5.98,58.98,medium,low,6,namecheap,,,18/08/2026 15:51
0323bee1-1b3e-49ff-87c6-cb348e797e40,cholera.chat,available,10.99,44.99,medium,low,7,namesilo,,,20/09/2026 14:08
1e32275f-7c3e-4a78-8ec2-3d8e42144ef3,hauled.chat,available,5.38,36.43,medium,low,6,spaceship,,,30/09/2026 00:24
4a2a986e-27d9-41ff-a0b8-5f37effb7b78,torture.chat,available,5.98,58.98,high,low,7,namecheap,,,11/09/2026 18:03
eae2b635-9197-493e-9ea1-e2e3a169deff,untagged.chat,available,5.98,58.98,medium,low,8,namecheap,,,12/09/2026 14:35
b042d738-31ea-4ed0-89d7-d84fed1f2ad4,amniota.chat,available,5.98,58.98,medium,low,7,namecheap,,,18/09/2026 22:27
799ea8b5-8de4-41ad-9415-9286a47f1247,disjoint.chat,available,5.98,58.98,medium,low,8,namecheap,,,14/08/2026 11:09
03cfc6f0-58aa-4bf2-a582-91af76730e3e,prowlers.chat,available,5.98,58.98,low,low,8,namecheap,,,20/09/2026 12:42
005807f6-d612-4033-afbc-80352f9212e2,vocalic.chat,available,5.98,58.98,medium,low,7,namecheap,,,13/09/2026 06:26
b3dc6542-c3f1-46a6-b04b-441a4d412d70,electricians.chat,available,5.98,58.98,medium,low,12,namecheap,,,20/09/2026 20:08
92fafa19-8d3a-43fc-8ee9-b98f596fa5be,amerind.chat,available,5.98,58.98,high,low,7,namecheap,,,
9f28513a-0df5-4283-a506-7b258b09122f,unseasoned.chat,available,5.98,58.98,medium,low,10,namecheap,,,12/09/2026 18:46
29c11179-f640-4ab0-b709-88df7366d884,dinkey.chat,available,5.98,58.98,medium,low,6,namecheap,,,14/08/2026 08:16
4cccfc5c-6493-4579-b0f5-a99eda747d06,undisputed.chat,available,5.98,58.98,high,low,10,namecheap,,,12/09/2026 05:02
a426752f-bb7e-4c6c-b7ee-a7f8e05b8103,lathery.chat,available,5.98,58.98,medium,low,7,namecheap,,,22/08/2026 20:36
ed520a06-4db8-4bdb-b0c6-b9bbeab59cf6,purchasing.chat,available,10.99,44.99,high,low,10,namesilo,,,24/09/2026 11:23
0dcea100-fccd-427c-a69f-cd5e12b1ece6,nett.chat,available,5.98,58.98,medium,low,4,namecheap,,,03/09/2026 15:52
a222fdc8-3da1-414f-a2a7-0ed0a5891f39,cynical.chat,available,9.99,50.99,high,low,7,name.com,,,13/08/2026 13:59
04f90c87-782a-4b34-975b-c5ce4ad48394,petersburg.chat,available,10.99,44.99,medium,low,10,namesilo,,,29/09/2026 07:52
c583233b-41f9-402c-b954-3b6d0fba9850,scent.chat,available,10.99,44.99,high,low,5,namesilo,,,20/09/2026 08:28
9823b3ca-b2b9-4047-8543-5de0fc4427d8,slew.chat,available,5.98,58.98,high,low,4,namecheap,,,25/08/2026 00:42
c73e2eb9-8f8c-409c-81d4-716dc0e4ba93,desultory.chat,available,5.98,58.98,medium,low,9,namecheap,,,14/08/2026 04:36
d46e3e00-b66f-4902-9376-e40ec123883e,impossibly.chat,available,5.98,58.98,medium,low,10,namecheap,,,15/09/2026 04:27
bb62a497-415c-4e30-969f-250cc222776a,steadying.chat,available,5.98,58.98,high,low,9,namecheap,,,10/09/2026 19:39
423ae25d-7f57-4454-a3d3-4fe496b58f25,clouded.chat,available,5.98,58.98,medium,low,7,namecheap,,,12/08/2026 12:27
1b150673-44b0-4dcd-a121-7cd6c60ed0d7,replaced.chat,available,5.98,58.98,medium,low,8,namecheap,,,27/09/2026 22:59
8cc19774-d674-48a7-9327-ea1072f0ffce,offsides.chat,available,5.98,58.98,medium,low,8,namecheap,,,04/09/2026 01:40
15f2a476-f92d-4027-92d9-6f5b708a5e6e,scag.chat,available,5.98,58.98,medium,low,4,namecheap,,,23/09/2026 14:40
9cc23f08-d80e-40e2-92f5-3674b9d5a081,gangly.chat,available,5.98,58.98,medium,low,6,namecheap,,,18/08/2026 20:09
303a6dfd-edf7-49f7-a828-98d4ef953b1c,avionic.chat,available,5.98,58.98,medium,low,7,namecheap,,,07/08/2026 23:35
a23295e7-f635-4ca6-9299-f0d1e5736c0d,gaffer.chat,available,,,medium,low,6,,,,
564250fd-10a6-4751-8c43-7c47068ae4d1,hospitals.chat,premium,78.54,78.54,high,low,9,namesilo,,,20/09/2026 04:37
995bb14d-985d-4135-9a52-49bb8ded2693,asparagus.chat,available,10.99,44.99,high,low,9,namesilo,,,20/09/2026 14:40
3ead10d0-0808-4c83-b390-7c8ff04b004b,bewilder.chat,available,10.99,44.99,high,low,8,namesilo,,,21/09/2026 17:30
6d28c08e-76cb-4df3-a67f-7ba4c10705e5,descended.chat,available,35.2,35.2,medium,low,9,cloudflare,,,29/09/2026 10:16
8f665d3c-44a8-4feb-9f23-a809944dc2d8,trigon.chat,available,5.98,58.98,high,low,6,namecheap,,,11/09/2026 19:46
c3e051cb-90c6-4bc9-819b-b9d1df35856a,araroba.chat,available,10.99,44.99,medium,low,7,namesilo,,,20/09/2026 00:14
fafb7e5d-f01a-42a6-8802-e0cbbe2dbd63,crepuscle.chat,available,5.98,58.98,medium,low,9,namecheap,,,11/09/2026 21:50
e0489f07-14eb-4a7b-97e8-c8384e932e74,stuart.chat,available,10.99,44.99,high,low,6,namesilo,,,25/09/2026 22:59
93668173-6df2-4a4b-b467-9f095fe21a20,modifiable.chat,available,5.98,58.98,medium,low,10,namecheap,,,25/08/2026 03:12
07089d81-644c-49a5-8763-d246690e4e19,reposeful.chat,available,5.98,58.98,medium,low,9,namecheap,,,09/09/2026 13:28
0a3f1bf5-dddb-482f-a3a7-ef4cecdf5eef,beatniks.chat,available,5.98,58.98,medium,low,8,namecheap,,,22/09/2026 21:34
90c1a34f-1de2-40fa-b587-5655fa500c03,bedside.chat,available,5.98,58.98,high,low,7,namecheap,,,22/09/2026 23:34
6c35e345-aecf-4120-a604-2e9bb6865244,microwave.chat,available,9.99,,high,low,9,name.com,,,
9a306d06-01f0-4bc2-9323-da5f2a18e8cc,crete.chat,available,5.66,36.56,high,low,5,porkbun,,,30/09/2026 01:10
112b8a2c-dfdc-4bb7-b0ab-147bfa2f4033,thornless.chat,available,5.98,58.98,medium,low,9,namecheap,,,11/09/2026 14:08
bbbfc577-2d1e-42a4-825f-772878d1a7f1,peanut.chat,resell,,,high,low,6,"Xiamen ChinaSource Internet Service Co., Ltd",05/07/2024 17:00,05/07/2027 17:00,26/09/2026 08:05
50ae8e19-800e-4026-8a3f-491e4b3a0f22,dissemble.chat,available,5.98,58.98,high,low,9,namecheap,,,09/09/2026 01:49
e44ab022-63d4-427a-99dd-9c1c22078246,fewer.chat,available,10.99,44.99,medium,low,5,namesilo,,,24/09/2026 17:41
aff19a7a-9f68-4f3a-b6dd-5b10460c24cd,pigweed.chat,available,5.98,58.98,medium,low,7,namecheap,,,18/09/2026 15:54
01fa3b6a-1f18-4585-8b8b-d9b023d77250,beauchamp.chat,available,5.98,58.98,low,low,9,namecheap,,,29/09/2026 05:52
13757c4e-ec03-456d-b7db-f27c54020680,alerting.chat,available,5.98,58.98,high,low,8,namecheap,,,18/09/2026 05:27
ef667765-3ada-4fa8-8af4-ee2f7379be63,riddled.chat,available,5.98,58.98,medium,low,7,namecheap,,,09/09/2026 17:19
861a9009-82f7-46c2-b24a-624e61170c06,adoptee.chat,available,5.98,58.98,high,low,7,namecheap,,,17/09/2026 09:39
0372437f-c899-4c8d-8dc8-9f1ca1831d3d,gallium.chat,available,10.99,44.99,high,low,7,namesilo,,,20/09/2026 22:50
2b03280c-954c-47bf-b00d-6fb1ab5b8332,calculated.chat,available,5.98,58.98,high,low,10,namecheap,,,11/08/2026 13:58
42db39de-dce1-4846-9984-13a3804af8a4,plodder.chat,available,5.98,58.98,medium,low,7,namecheap,,,10/09/2026 20:23
aa9173ce-8c58-4024-9451-694c9ca5337e,endorse.chat,available,5.98,58.98,high,low,7,namecheap,,,08/09/2026 09:45
de2daa89-6a39-4014-900c-e24a7531ddcd,aboral.chat,available,5.98,58.98,medium,low,6,namecheap,,,
c04a0f63-ef82-470d-8d4c-08f6b57c9f77,serving.chat,available,10.99,44.99,high,low,7,namesilo,,,25/09/2026 23:06
00015883-7658-4480-8e07-d671c37eba1e,proceeding.chat,available,10.5,,medium,low,10,unstoppable,,,28/09/2026 10:14
1bd2957d-a300-403a-9751-3af9fa83b382,saloons.chat,available,10.99,44.99,medium,low,7,namesilo,,,19/09/2026 22:32
c0521a7d-3762-46ab-a6f2-cc3b49d779d6,swastika.chat,available,5.38,36.43,medium,low,8,spaceship,,,29/09/2026 21:59
55cf6169-8d7f-4941-acdc-bd55541f10bb,burgess.chat,available,10.99,44.99,high,low,7,namesilo,,,19/09/2026 13:35
b57e5317-e74c-4581-868f-fc85cde0a802,ames.chat,available,10.99,44.99,high,low,4,namesilo,,,25/09/2026 12:32
f2604be6-d875-4fd8-a7d6-0c1e25a4e556,voluntarily.chat,available,9.99,,high,low,11,name.com,,,
7a329756-80b4-420f-8f04-68b8f7b9001c,motivating.chat,available,5.98,58.98,high,low,10,namecheap,,,25/08/2026 07:36
c813e8e2-79de-41df-88c5-a83077942e4c,efficiency.chat,available,10.99,44.99,high,low,10,namesilo,,,28/09/2026 03:34
9ddbda7e-31a9-4759-a5fa-19dfa7099905,veggie.chat,available,10.99,44.99,high,low,6,namesilo,,,19/09/2026 06:34
5ca935f4-73e4-438d-bf88-81acb4739ac2,puzzled.chat,available,5.98,58.98,high,low,7,namecheap,,,07/08/2026 10:53
1d4e3603-3fb6-4141-876f-f2635e159aab,summons.chat,available,35.2,35.2,high,low,7,cloudflare,,,29/09/2026 08:10
4bc91478-482a-496a-b6f3-0a362c9f8982,grating.chat,available,5.98,58.98,high,low,7,namecheap,,,20/08/2026 18:26
3476a5ed-7401-4eaf-b2d3-1f162df18566,onager.chat,available,10.99,44.99,medium,low,6,namesilo,,,20/09/2026 00:38
08fa071e-8555-4b15-9488-28fd45f3189f,barlow.chat,available,10.99,44.99,high,low,6,namesilo,,,29/09/2026 03:31
8cdbb6a4-66ba-4a7d-9634-0c7ede65c810,marginal.chat,available,10.99,44.99,high,low,8,namesilo,,,23/09/2026 00:04
fd6fb435-fa09-4911-8082-482e769ce4ac,acth.chat,available,10.99,44.99,medium,low,4,namesilo,,,17/09/2026 04:25
8facc880-6a41-4215-b45a-8f255c33830e,perceived.chat,available,5.98,58.98,high,low,9,namecheap,,,27/09/2026 03:28
2a773960-9da1-4d2b-b11a-9ba952c59493,bareback.chat,available,5.98,58.98,medium,low,8,namecheap,,,08/08/2026 18:38
a1e84bb8-9b84-47a7-aec0-f49f0c3089e9,panicky.chat,available,5.98,58.98,medium,low,7,namecheap,,,05/09/2026 00:54
165ec215-11c5-486c-bef5-373a40c3ca71,aedes.chat,available,10.99,44.99,medium,low,5,namesilo,,,17/09/2026 12:09
7c4371dd-0cf3-4065-ad5e-56a7ffe93fbd,defeated.chat,available,5.98,58.98,medium,low,8,namecheap,,,13/08/2026 23:04
8affb21a-7df4-4aea-b458-6b7d95891448,died.chat,available,9.99,,low,low,4,name.com,,,
6a5c6e52-9a8a-47ee-aadc-5b1a915c0910,tribute.chat,available,9.99,,high,low,7,name.com,,,
33666325-1584-41db-aaa1-8eab9a20f8ec,tally.chat,available,5.38,36.43,high,medium,5,spaceship,,,28/09/2026 18:48
4e85825e-a086-4e65-93fc-02d1195505d9,pursue.chat,available,10.5,,high,low,6,unstoppable,,,28/09/2026 06:57
4da9ffb0-0314-418c-807c-dd789dc0fcec,mad.chat,resell,,,high,medium,3,"NameCheap, Inc.",20/07/2015 11:20,20/07/2027 11:20,26/09/2026 07:22
03dc80cc-0f69-4aa1-99de-e5f5521d1961,growth.chat,resell,,,high,medium,6,Alibaba Cloud Computing Ltd. d/b/a HiChina (www.net.cn),04/04/2020 08:20,04/04/2027 08:20,26/09/2026 06:31
0876f897-064f-4645-8340-231e556ed665,damask.chat,available,9.99,50.99,medium,low,6,name.com,,,13/08/2026 16:09
da50328d-ccba-4496-befc-5eb4bec47ee1,excitement.chat,available,5.98,58.98,high,low,10,namecheap,,,25/09/2026 05:50
b44fa593-6cb3-4aed-b9ed-5b120c3af4dd,choler.chat,available,10.99,44.99,medium,low,6,namesilo,,,19/09/2026 06:04
4b9c9bfc-7c90-4201-a8ee-a0c1c040a6c7,mental.chat,resell,,,high,low,6,Alibaba Cloud Computing Ltd. d/b/a HiChina (www.net.cn),04/08/2020 09:13,04/08/2027 09:13,26/09/2026 07:31
38b41d70-0ea6-42a2-8eea-4bfd1a5000dc,unpackaged.chat,available,5.98,58.98,medium,low,10,namecheap,,,12/09/2026 16:23
186c765c-ee3d-4421-87eb-70ecafb0a266,surviving.chat,available,5.98,58.98,high,low,9,namecheap,,,11/09/2026 04:49
c487de55-f6bc-4494-a849-d9813187dd17,know.chat,resell,,,high,low,4,Alibaba Cloud Computing Ltd. d/b/a HiChina (www.net.cn),26/01/2020 02:02,26/01/2027 02:02,29/09/2026 20:04
21ae17ec-a5bb-450f-a6f3-b716eaf963b8,besom.chat,available,10.99,44.99,medium,low,5,namesilo,,,23/09/2026 10:25
04d97f99-9afc-4f9d-b2aa-cdcc5a32bbf9,researching.chat,available,35.2,35.2,high,low,11,cloudflare,,,29/09/2026 21:29
f77cd2a2-e447-4c09-ac92-b45ac4fbc743,berceuse.chat,available,10.99,44.99,high,low,8,namesilo,,,23/09/2026 09:10
f69f8153-5a03-4f6c-b9af-f404de3a0736,darcy.chat,available,5.38,36.43,high,low,5,spaceship,,,30/09/2026 00:47
01061dd4-5571-4572-b135-cae26d6d9bc8,comprehensive.chat,available,35.2,35.2,high,low,13,cloudflare,,,29/09/2026 02:53
78ecf822-cefe-424a-9fe4-2e1ad8128afa,whiny.chat,available,5.98,58.98,medium,low,5,namecheap,,,09/09/2026 08:37
3664c0f8-2ee5-43ee-b744-1266726f25bb,beating.chat,available,35.2,35.2,high,low,7,cloudflare,,,28/09/2026 10:26
18743f4a-3e39-4479-9529-8ca7049f1f6d,gobs.chat,available,5.98,58.98,high,low,4,namecheap,,,14/09/2026 23:34
fa4fa73f-761c-4d34-84af-a380f8ba6e72,footer.chat,available,5.98,58.98,high,low,6,namecheap,,,08/09/2026 12:38
35883c33-0e5d-4544-b02a-898b2b83a453,antakya.chat,available,10.99,44.99,medium,low,7,namesilo,,,19/09/2026 12:30
fd3c839d-d7dd-4556-ad35-62bd5ed0346b,hawk.chat,resell,,,high,low,4,,,,28/09/2026 02:04
a7dddac9-1ab1-4c6b-987b-836d752e15e9,bipedal.chat,available,5.98,58.98,high,low,7,namecheap,,,10/08/2026 05:09
a1b72936-64c7-4c18-9650-d05769647a03,deaths.chat,available,5.98,58.98,medium,low,6,namecheap,,,19/09/2026 19:12
b49831c1-b297-4db0-87a3-e8219689b45f,alien.chat,resell,,,high,medium,5,Alibaba Cloud Computing Ltd. d/b/a HiChina (www.net.cn),03/09/2020 01:56,03/09/2027 01:56,26/09/2026 03:47
a1f40cb7-469d-487e-b9c1-7ead5b78ba56,desired.chat,available,10.99,44.99,high,low,7,namesilo,,,24/09/2026 00:57
a9436292-b226-45b6-931b-784cc00f7e17,resulting.chat,available,10.99,44.99,high,low,9,namesilo,,,29/09/2026 10:42
e549694e-0783-406d-a530-9751ef6afe4b,adorables.chat,available,9.99,,high,low,9,name.com,,,
1651b33e-8cd0-475d-9770-6f34003469d6,meekly.chat,available,5.98,58.98,medium,low,6,namecheap,,,15/09/2026 01:24
ab1ecd0d-23d0-4d76-8da6-3217c96e3620,stepaside.chat,available,10.99,44.99,medium,low,10,namesilo,,,16/09/2026 15:09
1a095ec9-ef82-4633-a368-28042a0ee10e,lii.chat,premium,21.45,42.9,high,low,3,namecheap,,,
f9192820-86fc-4fff-9f3d-9e8c602838a2,sulky.chat,available,5.98,58.98,medium,low,5,namecheap,,,20/08/2026 14:46
45b5b52a-8666-4158-8737-dc7b91e87615,abrogation.chat,available,9.99,50.99,medium,low,10,name.com,,,16/09/2026 17:14
dd939890-8053-4d82-a35b-9882038a69d5,ototoxic.chat,available,5.98,58.98,medium,low,8,namecheap,,,04/09/2026 18:36
034e0c3c-c929-4c67-92d8-57d37f8dd020,banister.chat,available,5.98,58.98,high,low,8,namecheap,,,22/09/2026 00:28
80a01066-a300-458b-ae4c-c989dcf6b1ad,haggai.chat,available,5.98,58.98,medium,low,6,namecheap,,,17/09/2026 17:22
c94ae519-86dd-418a-9e43-ab1bb731bfaa,zealot.chat,available,5.98,58.98,medium,low,6,namecheap,,,08/09/2026 02:10
361cfe45-f147-4790-93a5-5ef119470815,specular.chat,available,5.98,58.98,medium,low,8,namecheap,,,25/08/2026 01:15
06ae9b39-54a1-4009-b3f7-42ce2456c310,darkened.chat,available,9.99,50.99,medium,low,8,name.com,,,13/08/2026 18:08
de7b1dd3-f148-41a3-a2ee-9213454121e1,sacrificed.chat,available,5.98,58.98,low,low,10,namecheap,,,28/09/2026 17:16
0ced10e9-df28-471d-8081-6679774f8549,hillsdale.chat,available,35.2,35.2,high,low,9,cloudflare,,,29/09/2026 22:46
aa0d78a9-83c7-4bb6-9255-664944816c3c,lengthy.chat,available,5.98,58.98,high,low,7,namecheap,,,14/08/2026 18:32
a8204d7d-e292-4c49-bf65-235cdbdedc81,realise.chat,available,5.38,36.43,high,low,7,spaceship,,,27/09/2026 16:29
defeef45-777e-4e16-a3b6-9f6fd5760881,anthozoa.chat,available,10.99,44.99,medium,low,8,namesilo,,,17/09/2026 05:01
c0887569-b31f-4464-a1b3-bd15ba1f1b38,impeccably.chat,available,5.98,58.98,medium,low,10,namecheap,,,15/09/2026 02:11
c4ab6eb5-a6d2-425b-957f-fac7bc808b6d,burgundy.chat,available,5.38,36.43,high,low,8,spaceship,,,29/09/2026 06:09
66aaece3-b078-46d7-84f8-121731bfd69d,broad.chat,resell,,,high,low,5,Alibaba Cloud Computing Ltd. d/b/a HiChina (www.net.cn),10/03/2020 00:14,10/03/2027 00:14,26/09/2026 04:37
c0f06722-a79e-4aa3-bb1d-304fc0ed5918,arquebus.chat,available,9.99,50.99,medium,low,8,name.com,,,20/09/2026 08:40
e30216be-23f1-4330-ac0f-83a1f9d21e64,appendage.chat,available,5.98,58.98,medium,low,9,namecheap,,,19/09/2026 20:35
642b9ab2-9d53-4f31-b645-8d8ed28680b4,earrings.chat,available,35.2,35.2,medium,low,8,cloudflare,,,30/09/2026 00:39
c6188125-6052-42b4-a01a-df64a741a247,shadowy.chat,available,5.98,58.98,medium,low,7,namecheap,,,10/09/2026 05:28
216d3180-430d-47a7-9256-f9ccabaa0235,pentatonic.chat,available,5.98,58.98,medium,low,10,namecheap,,,08/09/2026 15:05
e342a417-d140-4e32-9aef-d4f9a49fff17,perfective.chat,available,5.98,58.98,high,low,10,namecheap,,,08/09/2026 16:27
3f301058-70bb-4f01-8b82-96f1ab47700c,benzene.chat,available,10.99,44.99,high,low,7,namesilo,,,23/09/2026 08:52
0909a8ff-ac96-4bb3-868b-44e180bca29c,trumpery.chat,available,5.98,58.98,medium,low,8,namecheap,,,18/08/2026 23:50
7a453ef0-fb33-4b9b-b0ee-103916b7dd16,distract.chat,available,5.38,36.43,high,low,8,spaceship,,,29/09/2026 16:05
fb6c7f87-e472-48dc-9b71-780da2e2eca1,equanimity.chat,available,5.98,58.98,high,low,10,namecheap,,,11/08/2026 14:58
5cccf337-dc48-4fc7-9835-5584cf12d042,fatalist.chat,available,5.98,58.98,medium,low,8,namecheap,,,17/08/2026 23:29
2c4a5e46-66a6-45ed-afee-1d99882e5ced,escapes.chat,available,35.2,35.2,medium,low,7,cloudflare,,,29/09/2026 05:18
6425e989-aeb9-4cae-bbc2-7f4565c6a3e2,eyeless.chat,available,5.98,58.98,medium,low,7,namecheap,,,17/08/2026 20:02
c234c759-5276-41c0-a832-208b81551241,usaf.chat,available,5.98,58.98,high,low,4,namecheap,,,25/09/2026 10:56
79a137bd-80c3-4e8a-9665-2f42393ce9bb,antiphon.chat,available,5.98,58.98,medium,low,8,namecheap,,,19/09/2026 14:56
cb1f712f-8f1c-451d-8086-8f78d57b9486,kew.chat,premium,66.5,,high,low,3,unstoppable,,,28/09/2026 11:39
71011443-7a91-49bb-b3cd-3b3ddd461067,dahna.chat,available,5.98,58.98,medium,low,5,namecheap,,,19/09/2026 23:21
5e81b269-dfdc-497b-a9d5-deed0971c66e,provisions.chat,available,5.98,58.98,high,low,10,namecheap,,,08/09/2026 08:15
12f9aba1-d04a-41d5-a807-c436b19acdab,designed.chat,available,10.99,44.99,high,low,8,namesilo,,,24/09/2026 06:34
2f705886-b59e-4e6b-8c9f-108bfde99069,unprompted.chat,available,5.98,58.98,high,low,10,namecheap,,,21/08/2026 23:28
e431f7d7-4cf0-4cfb-a37c-b3ca204ee936,taxing.chat,available,5.98,58.98,medium,low,6,namecheap,,,11/08/2026 10:33
8a1a65bd-2e33-44b2-b293-e3f03f59978c,wifelike.chat,available,5.98,58.98,medium,low,8,namecheap,,,13/09/2026 00:29
dc93fbcc-0265-4c27-884e-25bc54618fa6,louisa.chat,available,10.99,44.99,medium,low,6,namesilo,,,25/09/2026 14:44
1bc9a5d2-c1fa-4a4f-a4d6-fd9b19eddd36,tripping.chat,available,5.98,58.98,high,low,8,namecheap,,,23/08/2026 05:23
f869fd9f-1e56-4e98-b659-25774ba7f958,innocuous.chat,available,5.98,58.98,high,low,9,namecheap,,,22/08/2026 05:56
664d1e8b-9e9d-4896-b287-52e2d428a49c,catechu.chat,available,5.98,58.98,medium,low,7,namecheap,,,16/09/2026 20:04
9996b875-5f07-4888-b5ee-6ee546b7430c,pretence.chat,available,10.99,44.99,high,low,8,namesilo,,,25/09/2026 16:31
e8547738-083a-4e5a-8bf1-c20275f068c4,xcv.chat,premium,42.9,85.8,medium,low,3,namecheap,,,
7ea4ec7d-3409-424a-a960-1a6e6c585a65,yokel.chat,available,5.98,58.98,medium,low,5,namecheap,,,21/08/2026 08:01
bdaf5b5c-ce85-4017-8cbd-822fa40f90f8,golden.chat,resell,,,high,low,6,"Spaceship, Inc.",15/04/2024 15:16,15/04/2027 15:16,26/09/2026 06:25
a17e0f90-e306-4ef1-aff5-86485fdb9720,plains.chat,available,10.99,44.99,high,low,6,namesilo,,,29/09/2026 09:36
0118b57f-3047-41f7-aa51-9e44e60acb33,indulge.chat,available,10.99,44.99,high,low,7,namesilo,,,21/09/2026 13:04
9ad5d523-4a89-41de-83de-34dd1fd37ca9,gunn.chat,available,10.99,44.99,medium,low,4,namesilo,,,27/09/2026 01:35
28dafead-fb65-4db7-afca-a23ae6518c6d,hans.chat,available,9.99,,high,low,4,name.com,,,
bada0093-8080-4725-93de-49032c2e9e1c,toll.chat,available,,,high,medium,4,,,,
fcb7a9e8-0458-43c2-b84c-85841d441866,capture.chat,resell,,,high,low,7,"Xiamen ChinaSource Internet Service Co., Ltd",07/08/2022 17:00,07/08/2027 17:00,26/09/2026 04:46
82bfd464-40fa-4a14-82ae-c1adbf528074,aes.chat,premium,34.36,68.51,high,low,3,spaceship,,,29/09/2026 09:48
a6e494f8-8b62-4b23-932e-0cf1d3a0c9c7,cultivars.chat,available,10.99,44.99,low,low,9,namesilo,,,28/09/2026 00:23
0faa15cd-2c84-44da-823f-20d36b3e1cd0,androgenic.chat,available,5.98,58.98,medium,low,10,namecheap,,,
6be7e8d6-cfb6-435a-b201-c2e84c46d073,amati.chat,available,10.99,44.99,high,low,5,namesilo,,,18/09/2026 16:09
a25c7b2d-2aaf-4dc7-a750-3ecdd6934ec2,paget.chat,available,10.99,44.99,medium,low,5,namesilo,,,29/09/2026 01:47
0e14c864-37ae-40c0-bc71-7496c4ea5708,carved.chat,available,5.98,58.98,high,low,6,namecheap,,,11/08/2026 19:57
b1516572-cb89-42d1-a3a1-390f398c62ff,positions.chat,available,10.99,44.99,medium,low,9,namesilo,,,19/09/2026 00:35
3a87c5dd-1b25-4d00-b66f-2dccc99d79f4,bestial.chat,available,5.98,58.98,medium,low,7,namecheap,,,09/08/2026 17:57
ddf744fa-f4d8-49ca-9ac7-e477832c8d7c,lustrous.chat,available,5.98,58.98,high,low,8,namecheap,,,11/08/2026 11:00
744d2608-1394-4cd9-8bd0-261d4f7c4acb,champlain.chat,available,5.57,37.55,medium,low,9,dynadot,,,28/09/2026 01:38
0cf24056-d323-4611-b911-18c98fb68861,artichoke.chat,available,10.99,44.99,high,low,9,namesilo,,,20/09/2026 11:12
47522681-8f6b-4373-b51a-e0531cacb6b2,fortunate.chat,available,5.98,58.98,high,low,9,namecheap,,,18/08/2026 12:47
df4815e4-5483-4191-b26b-2db53c0bc8c4,bombast.chat,available,10.99,44.99,medium,low,7,namesilo,,,24/09/2026 03:35
73c10469-9c50-46b9-b6b1-dd5db677484f,orders.chat,resell,,,high,low,6,"GoDaddy.com, LLC",28/03/2016 21:32,28/03/2027 21:32,26/09/2026 07:56
e6c72c09-13a2-4b26-a1d8-616368509371,demode.chat,available,5.98,58.98,low,low,6,namecheap,,,14/08/2026 01:13
81e6560f-c13d-420c-8eb5-71506a4571f1,ingredient.chat,available,10.99,44.99,high,low,10,namesilo,,,24/09/2026 16:51
5445960b-fe0f-44eb-818b-55a84feaaed7,unfrozen.chat,available,5.98,58.98,medium,low,8,namecheap,,,12/09/2026 10:54
e4a132f5-6d6f-4714-aa93-8021c51989dc,hung.chat,available,10.99,44.99,medium,low,4,namesilo,,,27/09/2026 08:46
9330a50e-05a4-4b91-9744-b494815a5c9f,insure.chat,available,,,high,low,6,,,,
e4eef7b1-9aeb-4ede-9cf0-559335eae303,waxen.chat,available,5.98,58.98,medium,low,5,namecheap,,,13/09/2026 08:42
78904fa2-3064-4198-8d2a-5f60f67aa468,consume.chat,available,10.99,44.99,high,low,7,namesilo,,,29/09/2026 02:37
68e3a4ef-af13-47a7-90fa-4c91e6e5dc37,slipping.chat,available,5.98,58.98,medium,low,8,namecheap,,,10/09/2026 11:05
5651820c-fc4a-43c7-8655-85f409e7975e,elysian.chat,available,5.98,58.98,high,low,7,namecheap,,,16/08/2026 06:18
ccefc900-a656-4d6f-9b65-c77253136efb,noachian.chat,available,5.98,58.98,medium,low,8,namecheap,,,03/09/2026 17:58
aed0559a-0e0a-4e23-9b7b-3f2704586e62,wastebasket.chat,available,9.99,,high,low,11,name.com,,,
6f9ddf97-2e7b-45b8-8c2f-60c9c90993f7,astacus.chat,available,10.99,44.99,medium,low,7,namesilo,,,20/09/2026 16:51
40c1e1f1-3d13-439e-bb42-9aeed66d2a63,waited.chat,available,10.99,44.99,medium,low,6,namesilo,,,18/09/2026 01:45
a9ab3528-58f1-4cde-81aa-4d3ce130b2c6,unsinkable.chat,available,5.98,58.98,medium,low,10,namecheap,,,12/09/2026 19:58
e2cf1357-2d90-4ef6-afe9-60879f4e0220,feed.chat,resell,,,high,low,4,Alibaba Cloud Computing Ltd. d/b/a HiChina (www.net.cn),04/12/2018 13:32,04/12/2026 13:32,26/09/2026 06:02
f982016c-754f-437d-a044-ca9d2d731ea4,moneyless.chat,available,5.98,58.98,medium,low,9,namecheap,,,25/08/2026 04:43
9e0a13a8-580f-481d-8880-38b0da6495d9,holocene.chat,available,5.98,58.98,medium,low,8,namecheap,,,09/09/2026 11:21
4fbac6d3-2ba7-4c45-8310-2f52b63c296c,aengus.chat,available,5.98,58.98,medium,low,6,namecheap,,,17/09/2026 12:29
2c3862d1-01ad-4e1f-872f-b043742ab3ba,baccharis.chat,available,10.99,44.99,medium,low,9,namesilo,,,21/09/2026 14:00
b602e4f0-4389-488f-b525-11283649dc37,bargainer.chat,available,10.99,44.99,medium,low,9,namesilo,,,22/09/2026 05:32
958cea30-3936-49d8-a012-80372188c651,maturate.chat,available,5.98,58.98,medium,low,8,namecheap,,,24/08/2026 17:31
fcd08701-3679-4b2f-aa9f-4816ca943588,ascension.chat,resell,,,high,low,9,Dynadot Inc,04/02/2026 17:00,04/02/2027 17:00,26/09/2026 04:03
9a996fd9-c904-4db4-9212-af311601b413,waterfall.chat,available,5.38,36.43,high,low,9,spaceship,,,28/09/2026 20:46
d7857b8b-126c-4e53-aed3-6f120d111883,roan.chat,available,5.98,58.98,high,low,4,namecheap,,,09/09/2026 18:08
a948b06c-d7cb-4578-8954-2277f909318e,talented.chat,available,5.98,58.98,high,low,8,namecheap,,,18/08/2026 23:26
17ba092d-d4ae-461f-b7ce-8fdd36f2f0af,tomboyish.chat,available,5.98,58.98,high,low,9,namecheap,,,21/08/2026 14:32
51189ba8-aa35-470a-b5e6-f12e9a41fc5f,henley.chat,available,10.5,,high,low,6,unstoppable,,,28/09/2026 03:36
f7d98a3a-33e6-48e2-93f8-9584598a3217,catarrhal.chat,available,5.98,58.98,medium,low,9,namecheap,,,11/08/2026 21:09
66cb4770-6cfa-4130-a154-77e78d19cbbe,records.chat,resell,,,high,low,7,"Xiamen ChinaSource Internet Service Co., Ltd",01/04/2026 15:15,01/04/2027 15:15,26/09/2026 08:32
ba44e5b1-0611-4a85-98f3-4eafcbf7bc70,ultimate.chat,resell,,,high,low,8,"Xiamen ChinaSource Internet Service Co., Ltd",07/06/2024 17:00,07/06/2027 17:00,26/09/2026 09:50
f968dbfb-0001-45bf-9237-4cf47ef2a106,indwelling.chat,available,5.98,58.98,high,low,10,namecheap,,,22/08/2026 03:37
5420941a-29f7-41b2-b648-4a5e864f3f9b,astutely.chat,available,5.98,58.98,medium,low,8,namecheap,,,13/09/2026 22:20
55e0b324-9228-400e-98ba-c0d6004595e1,concourse.chat,available,5.38,36.43,high,low,9,spaceship,,,29/09/2026 10:34
29b4010d-643a-42cf-b845-b33b36a85e17,congregation.chat,available,9.99,,high,low,12,name.com,,,
f2d18602-28c9-49b7-9b91-0543fefe8846,ascites.chat,available,10.99,44.99,medium,low,7,namesilo,,,20/09/2026 13:17
93262c48-0aff-40e0-9a80-17e6c2c6f6d1,geological.chat,available,5.98,58.98,high,low,10,namecheap,,,18/08/2026 22:28
774b9c53-1a8b-4e20-9390-e3569a146907,argentine.chat,available,,,high,high,9,,,,
f4eb1ef3-1d88-4057-91f3-534623ab0da5,lollygag.chat,available,5.98,58.98,medium,low,8,namecheap,,,11/09/2026 08:29
feca8810-8572-448c-b187-c57d5cc5d261,brassy.chat,available,5.98,58.98,medium,low,6,namecheap,,,11/08/2026 02:33
8ae278fe-58a2-4847-b315-52cf39cba6a8,agincourt.chat,available,9.99,50.99,medium,low,9,name.com,,,17/09/2026 17:59
85d54301-756e-4a79-8e6e-55a3049dbe14,riding.chat,available,10.5,,high,low,6,unstoppable,,,29/09/2026 18:18
ede5d741-4c14-49e7-87c6-4ad6b3ddc6c6,dickinson.chat,available,10.99,44.99,high,low,9,namesilo,,,25/09/2026 04:53
27414eca-3d5d-4ca4-9005-0a5cf87f4766,talentless.chat,available,5.98,58.98,medium,low,10,namecheap,,,11/09/2026 07:28
8e4a4cd1-00e0-4815-90f0-7193783ba8af,contribution.chat,available,5.38,36.43,high,low,12,spaceship,,,28/09/2026 04:30
5cb927fe-516f-4d5c-a7f7-7db8725fe5b8,staunch.chat,available,5.98,58.98,high,low,7,namecheap,,,10/09/2026 19:22
73277032-6b91-4d08-abb0-a7c791291bac,mineral.chat,resell,,,high,low,7,"Xiamen ChinaSource Internet Service Co., Ltd",10/04/2026 15:15,10/04/2027 15:15,26/09/2026 07:34
e028d9d2-8166-4703-a287-452a3e434ac0,eleanor.chat,available,10.99,44.99,high,low,7,namesilo,,,28/09/2026 03:53
e714e9c7-17dd-478a-be73-dab02b76e79b,assuage.chat,available,5.98,58.98,high,low,7,namecheap,,,18/08/2026 22:06
3bc45306-6db9-4b40-972f-6bbc62bc09c7,frightened.chat,available,5.98,58.98,medium,low,10,namecheap,,,18/08/2026 15:37
632fad80-10b2-497a-8906-370eb6725794,modish.chat,available,5.98,58.98,high,low,6,namecheap,,,
d9a6a42c-6936-4abf-bced-f0dc645c39b8,rollover.chat,available,10.99,44.99,high,low,9,namesilo,,,16/09/2026 17:22
ceb0294b-9b5b-44fe-87e0-a170ce23d7b1,uncrossed.chat,available,5.98,58.98,medium,low,9,namecheap,,,12/09/2026 06:33
1cbf7cc1-7ab9-400c-b584-0de37d43e543,stonewalls.chat,available,10.99,44.99,low,low,10,namesilo,,,20/09/2026 14:03
bf8365cc-96c5-44bd-81dd-a577635ce6ba,surf.chat,resell,,,high,low,4,"Xiamen ChinaSource Internet Service Co., Ltd",07/07/2025 15:15,07/07/2027 15:15,26/09/2026 09:26
e50040f7-cf97-4ad6-be75-373e868a4a32,damning.chat,available,9.99,50.99,medium,low,7,name.com,,,13/08/2026 16:33
f8415233-a01d-4184-8a88-da5386e016aa,floater.chat,available,5.98,58.98,medium,low,7,namecheap,,,13/09/2026 00:52
11ef96c8-2cba-4a8d-9dea-1e90feee30cc,pasty.chat,available,5.98,58.98,high,low,5,namecheap,,,20/08/2026 15:21
1dee4ddb-0427-4318-b36c-9fb1eebdd0ea,shutting.chat,available,5.98,58.98,high,low,8,namecheap,,,12/08/2026 12:22
53056f22-cd4b-4e91-9e29-7c11cea2991b,rivalry.chat,available,5.66,36.56,high,low,7,porkbun,,,29/09/2026 20:12
3eeace73-14fa-4e34-8c67-db4671342ffb,sneeze.chat,available,9.99,,high,low,6,name.com,,,
df8f15bc-c505-4252-9123-70f515253cdf,optional.chat,available,5.98,58.98,high,low,8,namecheap,,,04/09/2026 17:10
f8781b3b-0ade-479b-8455-52b87cb2bfea,effluent.chat,available,5.98,58.98,medium,low,8,namecheap,,,15/08/2026 14:47
0516fbd8-82a2-4798-a729-3edcc7b37bc7,aldehyde.chat,available,10.99,44.99,high,low,8,namesilo,,,18/09/2026 04:24
601d82b9-b2e7-431a-b856-288eeb2e3ca5,socialised.chat,available,5.98,58.98,high,low,10,namecheap,,,10/09/2026 13:14
e4daf748-8e74-47e5-9d68-b48b64d9d172,shuttle.chat,resell,,,high,low,7,,,,27/09/2026 15:53
4d6d0d3b-1a89-4f29-a7d6-7d944ece2844,canceled.chat,available,35.2,35.2,medium,low,8,cloudflare,,,27/09/2026 22:41
966ba1cc-7fbc-44dc-bdbf-c7368b326ff5,heracles.chat,available,10.99,44.99,high,low,8,namesilo,,,18/09/2026 04:03
7e820af9-b951-4bb6-a01a-7f70566c2171,brownsville.chat,available,10.99,44.99,medium,low,11,namesilo,,,28/09/2026 08:10
bf8d81cb-2e81-416f-99a2-f50b24322e26,mileage.chat,available,5.38,36.43,high,low,7,spaceship,,,29/09/2026 12:25
129ab910-4f52-48b7-b121-26fca99e9eb5,twits.chat,available,10.99,44.99,low,low,5,namesilo,,,21/09/2026 06:16
b13c1015-c05e-4035-824b-d24dd897c71d,wobbly.chat,available,5.66,36.56,high,low,6,porkbun,,,27/09/2026 14:59
b364514e-e4ab-44b9-a833-464199c01854,tornados.chat,available,5.98,58.98,medium,low,8,namecheap,,,16/09/2026 14:12
0ad184de-8d4b-42fa-acf0-1303e3941a62,payroll.chat,resell,,,high,low,7,,,,28/09/2026 10:41
8d2afd16-8f58-4995-bf1e-cb702b316090,beshrew.chat,available,9.99,50.99,medium,low,7,name.com,,,13/08/2026 16:19
dd5995fe-fe36-44da-9fe8-4cd67e9bb628,corrigan.chat,available,5.38,36.43,medium,low,8,spaceship,,,29/09/2026 15:41
3ed74c30-79eb-4bb4-8437-085ed492f0e5,ecology.chat,available,10.99,44.99,high,low,7,namesilo,,,23/09/2026 18:42
7af6257a-5804-48ef-a906-8d3c8131b8af,limply.chat,available,5.98,58.98,medium,low,6,namecheap,,,15/09/2026 12:20
6fa4936d-efe3-4e2f-a47b-7529790a2097,chuckle.chat,available,10.99,44.99,high,low,7,namesilo,,,24/09/2026 14:48
93196a0e-2641-42f2-b4cb-0ebe4f937603,yates.chat,available,10.99,44.99,high,low,5,namesilo,,,25/09/2026 16:03
5d508612-403f-4f4a-bda5-8b0af45eb897,ounce.chat,available,5.38,36.43,high,low,5,spaceship,,,28/09/2026 21:44
b3b3a561-9da9-4016-8821-0f0cadd87261,beanstalk.chat,available,5.98,58.98,high,low,9,namecheap,,,22/09/2026 20:43
617d4165-41d4-4a6c-b44f-18f8d16782ab,extremely.chat,available,5.98,58.98,medium,low,9,namecheap,,,27/09/2026 02:51
b29edb9d-6fa1-45d9-8da4-ac15d39e785c,politely.chat,available,5.66,36.56,medium,low,8,porkbun,,,28/09/2026 14:24
e3508800-2b96-4e10-be17-98b20454114c,illume.chat,available,5.98,58.98,high,low,6,namecheap,,,23/08/2026 02:41
5a70f843-bc9f-4427-a01b-573e57242914,constraints.chat,available,10.99,44.99,low,low,11,namesilo,,,20/09/2026 23:49
ccb75d7b-1059-4149-a82d-432db45f8793,bengali.chat,premium,21.45,42.9,medium,low,7,namecheap,,,09/08/2026 14:29
f48e35fb-5084-4143-b488-3312338df304,apical.chat,available,5.98,58.98,high,low,6,namecheap,,,05/08/2026 23:58
c97d9a41-776b-4df6-b107-7a5ef5ee2317,various.chat,available,5.38,36.43,high,low,7,spaceship,,,28/09/2026 10:11
30db3594-60aa-41fd-8de1-4a59e3a501ef,treasured.chat,available,5.98,58.98,high,low,9,namecheap,,,12/08/2026 04:21
d10a6c59-fa10-42fa-94de-edaeb631ad76,mace.chat,available,10.99,44.99,high,low,4,namesilo,,,29/09/2026 06:21
de309ed9-f929-4654-b486-e83cdd4038cf,aluminate.chat,available,10.99,44.99,medium,low,9,namesilo,,,18/09/2026 15:13
814c4cf1-0c20-4f66-bad6-0dd0886c0ec8,deadlines.chat,available,10.99,44.99,medium,low,9,namesilo,,,21/09/2026 08:50
66d5b0b5-3326-4ce2-9a0f-f15664be0bbb,bandleader.chat,available,10.99,44.99,high,low,10,namesilo,,,22/09/2026 01:25
80b897b2-4067-467e-bae8-fe305c013795,abruptly.chat,available,9.99,50.99,medium,low,8,name.com,,,13/08/2026 19:17
55d4fb25-f4a3-4f9d-b94a-f32d414016bf,putin.chat,available,10.5,,medium,low,5,unstoppable,,,28/09/2026 02:59
b7862581-318a-4098-b844-e377e79a48c2,softball.chat,resell,,,high,low,8,,,,29/09/2026 01:51
354edd8e-beec-43ea-84bd-556ca2d058b2,bosses.chat,premium,78.54,78.54,medium,low,6,namesilo,,,18/09/2026 05:55
7fa3cb26-8811-482a-89ab-48491191f676,orphan.chat,available,9.99,,high,low,6,name.com,,,
307ed3a5-4ddc-4102-a190-391b07db0d66,moroccan.chat,premium,42.9,85.8,high,low,8,namecheap,,,24/08/2026 16:17
e5373cd0-2c0d-4dc8-871f-c35a65f73e6c,pimento.chat,available,10.99,44.99,high,low,7,namesilo,,,23/09/2026 05:37
20420185-07b8-44e3-affb-8407abbe7d46,alpena.chat,available,5.98,58.98,medium,low,6,namecheap,,,18/09/2026 13:31
03ad3b1e-e1fa-46f3-8be5-1e6245d63d2c,arching.chat,available,5.98,58.98,medium,low,7,namecheap,,,06/08/2026 14:39
86f3eb4c-89f8-4f9b-9be4-579563f7f9d8,odour.chat,available,10.99,44.99,high,low,5,namesilo,,,20/09/2026 08:26
29774fa0-57ad-4659-bdc0-7121e225c352,clouds.chat,resell,,,high,low,6,,,,27/09/2026 09:07
965a9181-e6f6-4779-b419-9dc448449fd4,jolly.chat,resell,,,high,low,5,"Sav.com, LLC - 19",01/08/2026 15:15,01/08/2027 15:15,26/09/2026 07:01
301cdadc-845c-451d-b653-9bbcae9318d8,villagers.chat,available,10.99,44.99,medium,low,9,namesilo,,,29/09/2026 05:33
0ca83960-212f-434f-895f-3755d057fdc7,conciliate.chat,available,5.98,58.98,high,low,10,namecheap,,,18/08/2026 22:04
84c01136-8e91-4c2d-aa07-118008c6ba4f,blurred.chat,available,10.99,44.99,medium,low,7,namesilo,,,22/09/2026 23:21
6fd4e403-24a3-40b9-8f9d-40843d93cc9d,ataractic.chat,available,5.98,58.98,low,low,9,namecheap,,,07/08/2026 12:44
ce8c0714-7812-4990-9a49-f8f591caf147,aegean.chat,available,5.98,58.98,high,low,6,namecheap,,,
52eb7e68-8b9e-4de4-95be-33da6c039325,andantino.chat,available,5.98,58.98,medium,low,9,namecheap,,,
9860c353-a710-4238-ae34-3cbef36ba1d1,twisting.chat,available,5.98,58.98,high,low,8,namecheap,,,11/09/2026 21:52
d61ef64f-9282-41f1-bfb0-d01f2cd8a1d2,remembered.chat,available,10.99,44.99,high,low,10,namesilo,,,17/09/2026 12:04
d05bef31-a0ff-48a9-819d-5c792e0855d2,andrei.chat,available,10.99,44.99,high,low,6,namesilo,,,28/09/2026 04:07
34c4f3de-1874-4c0c-bc10-d18493d82064,humanist.chat,available,5.98,58.98,high,low,8,namecheap,,,21/08/2026 14:50
4a428ae7-ed2e-4e03-ad9f-c49fe1a18e5b,timorese.chat,available,5.98,58.98,medium,low,8,namecheap,,,11/09/2026 16:04
45c7e39f-ec9e-4995-bef5-d91cf3ef352b,forgotten.chat,available,5.98,58.98,high,low,9,namecheap,,,14/08/2026 12:18
4710975f-8c6c-4f8f-9b02-3f88aa9ae09e,antapex.chat,available,10.99,44.99,medium,low,7,namesilo,,,19/09/2026 12:32
22bd6f4a-c5f0-4133-a8ab-4241308c4d04,cluttered.chat,available,5.98,58.98,medium,low,9,namecheap,,,12/08/2026 13:12
bab078f9-c248-465a-aac0-4c63e7d13a19,boris.chat,available,5.98,58.98,high,low,5,namecheap,,,25/09/2026 20:39
303f21b8-3c2b-4f39-aa79-139294f6c764,tiberius.chat,available,5.38,36.43,medium,low,8,spaceship,,,28/09/2026 20:38
32c8c0fd-3d5e-4315-8e26-b11e8fbec4e3,remains.chat,available,5.98,58.98,medium,low,7,namecheap,,,27/09/2026 03:27
e8eff3b9-3670-4536-a24b-cbb6dae39cb4,aloe.chat,available,10.99,44.99,high,low,4,namesilo,,,18/09/2026 12:59
abbc7935-fc0e-4572-84a4-4773373917d2,torturing.chat,available,5.98,58.98,medium,low,9,namecheap,,,
3c50d909-ff7a-493f-96ce-56cdd2b85504,occidental.chat,available,5.98,58.98,medium,low,10,namecheap,,,21/08/2026 07:25
072ec37d-6828-4e9a-ba6c-bee850131255,wiped.chat,available,5.57,37.55,low,low,5,dynadot,,,28/09/2026 04:58
d12f1243-30b3-44ca-8345-b0bab7b42f7b,gawky.chat,available,5.98,58.98,medium,low,5,namecheap,,,12/08/2026 13:06
75557af7-6895-43d3-8128-0703c29c397a,vein.chat,available,9.99,,high,low,4,name.com,,,
f5e18f8a-3621-4d99-8d6f-17f1dae23f96,flesh.chat,available,10.99,44.99,high,low,5,namesilo,,,25/09/2026 21:58
eedc06c9-15d3-4402-9f37-aeed7b10d8d6,debacle.chat,available,5.98,58.98,medium,low,7,namecheap,,,13/09/2026 07:56
318adf6c-0f8e-4177-83aa-b3c8f0c4272d,evanston.chat,available,5.38,36.43,medium,low,8,spaceship,,,28/09/2026 08:11
3b05b9ba-6a98-44c6-88a0-16b813a79468,riveting.chat,available,10.99,44.99,high,low,8,namesilo,,,21/09/2026 15:09
11d4ec84-5814-43f1-8aa7-023c093d2514,dismissive.chat,available,5.98,58.98,medium,low,10,namecheap,,,14/08/2026 11:49
0d39a5e8-f07a-4677-8a6b-c5a332c9e6b4,summertime.chat,available,10.99,44.99,high,low,11,namesilo,,,18/09/2026 00:39
284b6aad-9e26-4bf8-b432-ff7928316a67,archetypal.chat,available,5.98,58.98,medium,low,10,namecheap,,,06/08/2026 15:32
f3fe0a50-4aec-465f-8a42-598716568580,foxily.chat,available,5.98,58.98,medium,low,6,namecheap,,,14/09/2026 09:04
3fd64f13-1701-46b2-82f9-6685a1d5aa60,kills.chat,available,5.98,58.98,medium,low,5,namecheap,,,25/09/2026 21:19
cabe484e-14b7-41a9-b16e-96e030b93f80,corrugated.chat,available,5.98,58.98,medium,low,10,namecheap,,,13/08/2026 02:13
6a00e168-d709-4a3f-aec7-bbaee9e411f3,bum.chat,premium,21.45,42.9,medium,low,3,namecheap,,,09/08/2026 10:49
8aa4bfd1-6572-4dcb-806d-2f0c9cf063e6,chooses.chat,available,5.38,36.43,low,low,7,spaceship,,,28/09/2026 18:06
ccd919a7-c234-47ec-a7ee-d73dba2ab038,quake.chat,available,10.99,44.99,high,low,5,namesilo,,,29/09/2026 18:44
cf7e9671-d665-4ea9-8a05-66ad4775f84c,emergencies.chat,available,5.57,37.55,medium,low,11,dynadot,,,29/09/2026 16:56
88fe83cd-89ba-43d1-8d1a-8c2745733f09,evocative.chat,available,5.98,58.98,high,low,9,namecheap,,,17/08/2026 15:14
68131fd1-f102-4937-a307-493da8753d9f,sprightly.chat,available,5.98,58.98,high,low,9,namecheap,,,10/09/2026 16:49
901b3bbe-3491-467e-ace1-daaf2a832297,roll.chat,resell,,,high,low,4,"Xiamen ChinaSource Internet Service Co., Ltd",01/12/2025 15:15,01/12/2026 15:15,27/09/2026 15:56
12bd5ec4-0b19-4de2-a9bb-32e2b37d4bbe,laptops.chat,available,10.99,44.99,medium,low,7,namesilo,,,20/09/2026 12:33
f36610a7-37fb-4b92-ab0b-1f60a175277c,mccall.chat,available,35.2,35.2,medium,low,6,cloudflare,,,27/09/2026 21:08
7f3e42c4-c2d8-4eb1-b369-099ee2d325f8,slovene.chat,available,5.38,36.43,medium,low,7,spaceship,,,28/09/2026 20:30
16297717-f2aa-4a1b-992d-b79c6074e15e,portrait.chat,available,10.99,44.99,high,low,8,namesilo,,,28/09/2026 02:57
a1e72874-2803-4e73-a042-993e3cc07a47,abstruse.chat,available,5.98,58.98,medium,low,8,namecheap,,,
1df4b872-425f-4ecf-b29e-5d743f893655,mingle.chat,resell,,,high,low,6,Alibaba Cloud Computing Ltd. d/b/a HiChina (www.net.cn),27/10/2020 12:05,27/10/2027 12:05,26/09/2026 07:34
72881fa4-792f-49d4-8935-a3de14138ea2,angst.chat,available,5.98,58.98,medium,low,5,namecheap,,,19/09/2026 07:24
e93b1b1d-5044-4bef-8200-51cf7006dde2,ablaze.chat,available,10.99,44.99,high,low,6,namesilo,,,25/09/2026 04:37
0fce217d-80ce-4112-94e3-ddd77d285e64,fastgrowing.chat,available,9.99,,high,low,12,name.com,,,
5c70289e-5ed0-4397-84c5-4e04979de900,entrusted.chat,available,10.99,44.99,medium,low,9,namesilo,,,29/09/2026 16:07
86cab2cc-7917-4bd4-885f-cee9fee71225,pendulous.chat,available,5.98,58.98,medium,low,9,namecheap,,,12/08/2026 00:50
6f5669d2-bd25-44ab-a14e-8c271c0a8d0e,playing.chat,available,10.99,44.99,high,low,7,namesilo,,,28/09/2026 16:27
0d226db7-c843-42af-a790-d12b55cdc0a6,established.chat,available,9.99,,high,low,11,name.com,,,
ad05b71a-064d-4b45-bfb5-a1dbd43cff85,magnum.chat,resell,,,high,low,6,,,,28/09/2026 06:19
b2df353e-0a75-479d-9570-6031b3727186,unerasable.chat,available,5.98,58.98,medium,low,10,namecheap,,,22/08/2026 02:39
5293ebe6-946f-46a1-a1b6-521dabc56d7e,impudent.chat,available,5.98,58.98,medium,low,8,namecheap,,,18/08/2026 08:23
7c62eb33-3a93-4161-9be2-7cfec31a282f,mcdonnell.chat,available,5.98,58.98,medium,low,9,namecheap,,,27/09/2026 02:55
f2402e06-f071-4cb9-954a-d374b54f9b9a,syncarpous.chat,available,5.98,58.98,medium,low,10,namecheap,,,11/09/2026 06:11
31654a0a-e140-4cd3-95e3-aa02e1bb06c0,analogy.chat,available,35.2,35.2,high,low,7,cloudflare,,,28/09/2026 21:11
a2740a9f-c182-4edc-afe8-0567c75eed67,danceable.chat,available,9.99,50.99,medium,low,9,name.com,,,13/08/2026 16:59
ae337bd4-5c98-428d-b6c0-a5ccdefdf035,unspotted.chat,available,5.98,58.98,medium,low,9,namecheap,,,12/09/2026 20:15
ba79ce6b-77a5-4950-8f89-c003961375d0,leaded.chat,available,5.98,58.98,medium,low,6,namecheap,,,22/08/2026 21:42
9a0a8ed8-28e5-4c6c-9952-d62f047441ac,caretaker.chat,available,5.38,36.43,high,low,9,spaceship,,,28/09/2026 13:39
9bea75c4-fc16-4f19-9fc4-c50c55eb5780,rossini.chat,available,10.5,,high,low,7,unstoppable,,,30/09/2026 01:46
f03fdfa4-3343-441d-a70a-77e4e1b9e1b9,barns.chat,available,10.99,44.99,medium,low,5,namesilo,,,20/09/2026 22:46
c3082ed3-7290-49db-aabf-95a3dec23346,astrometry.chat,available,5.98,58.98,medium,low,10,namecheap,,,20/09/2026 17:53
21f7bc64-2f08-4b5c-8e32-76869b1124a8,features.chat,available,5.38,36.43,medium,low,8,spaceship,,,28/09/2026 12:52
fe7282b0-7fd9-46f6-8838-f2ac5193b967,banned.chat,available,,,medium,low,6,,,,
541028c1-f7cd-46d0-aac9-6603fbf8366a,angas.chat,available,10.99,44.99,medium,low,5,namesilo,,,19/09/2026 05:46
2b8b17b0-e63e-4f73-890c-0626c9adf491,salaried.chat,available,5.98,58.98,high,low,8,namecheap,,,12/08/2026 19:23
732317e8-e3e9-45c4-9085-bc8bc280d1f7,presenting.chat,available,5.66,36.56,medium,low,10,porkbun,,,28/09/2026 17:29
dc413c56-460e-4401-bab3-e0e87c067766,step.chat,resell,,,high,low,4,Alibaba Cloud Computing Ltd. d/b/a HiChina (www.net.cn),03/09/2018 05:37,03/09/2027 05:37,28/09/2026 17:14
c65aab05-72bb-4b4a-96e4-0febbdbcae1f,tewkesbury.chat,available,10.99,44.99,medium,low,10,namesilo,,,22/09/2026 16:07
1f734bec-c298-4eba-bc83-25d51248a062,selections.chat,available,10.99,44.99,medium,low,10,namesilo,,,20/09/2026 10:53
99b281af-63a1-449d-90dc-59040948e974,inelegant.chat,available,5.98,58.98,medium,low,9,namecheap,,,22/08/2026 03:44
97024569-92a8-4bad-b668-dbc0d161e90a,billyo.chat,available,9.99,50.99,medium,low,6,name.com,,,18/09/2026 09:10
4a668ab2-7500-4f3a-b8df-d2b8fbdacbb2,ibuprofen.chat,available,10.99,44.99,high,low,9,namesilo,,,17/09/2026 11:14
3a487886-dea2-4df0-8574-5d96aecd86a4,sprucely.chat,available,5.98,58.98,medium,low,8,namecheap,,,15/09/2026 15:17
6c0ca89c-7609-4d8f-9136-905bcce4e1d8,christly.chat,available,5.98,58.98,high,low,8,namecheap,,,12/08/2026 07:21
c95561ec-cc15-4f6e-ba7c-0f0d5d85844b,blowy.chat,available,5.98,58.98,medium,low,5,namecheap,,,10/08/2026 15:47
e2b16b07-1717-435a-b9bd-c8d9e54f5da6,apropos.chat,available,,,high,low,7,,,,
28b7b422-59dc-4c83-a0b6-185e5c8964ce,macmillan.chat,available,10.99,44.99,high,low,9,namesilo,,,25/09/2026 12:59
c1da4a5d-6498-4253-8292-1714d9731983,recidivist.chat,available,5.98,58.98,medium,low,10,namecheap,,,21/09/2026 15:57
e8979a5a-5663-4452-b243-f68a427d96c7,raiser.chat,available,9.99,50.99,medium,low,6,name.com,,,17/09/2026 19:22
ee81b9f6-553c-4986-800d-49b1b7c23c73,increases.chat,available,5.38,36.43,medium,low,9,spaceship,,,29/09/2026 10:46
fef0e31f-e893-4226-92ab-1dff0bf8dd52,sabrina.chat,resell,,,medium,low,7,,,,29/09/2026 04:05
05b96c01-c0be-4a55-9c12-ec29e89d59d4,grizzled.chat,available,5.98,58.98,medium,low,8,namecheap,,,20/08/2026 20:11
7bbf84f0-5f63-440d-9def-cecfe9f8a310,stanley.chat,available,10.99,44.99,high,low,7,namesilo,,,25/09/2026 06:08
2ccd395f-b26d-4f14-bd44-8921a7dcff13,absently.chat,available,5.98,58.98,medium,low,8,namecheap,,,13/09/2026 16:41
48dd4dfc-bf18-44e6-9c47-ea4d15e7e5ee,several.chat,available,9.99,,high,low,7,name.com,,,
8840ccfc-6bf2-4097-8bd4-16782add9cfb,refreshed.chat,available,10.99,44.99,high,low,9,namesilo,,,25/09/2026 11:08
ef51346f-d4eb-49e4-a905-9eeecde28e6d,reflexes.chat,available,10.99,44.99,high,low,8,namesilo,,,19/09/2026 23:46
268c6dfd-47ec-4671-beae-ca2a9a2b274a,algometer.chat,available,5.98,58.98,medium,low,9,namecheap,,,18/09/2026 07:11
96799e00-83a3-4da7-a468-98ccebc6794f,arawn.chat,available,10.99,44.99,medium,low,5,namesilo,,,20/09/2026 00:29
87bf1f9e-f937-4b7f-b9a7-4f3e3691fbbf,bottle.chat,resell,,,high,low,6,"Chengdu West Dimension Digital Technology Co., Ltd.",26/11/2018 10:04,26/11/2026 10:04,26/09/2026 04:33
cd9a8f6d-8b9b-4688-abe5-bbbea21b3b01,incapable.chat,available,5.98,58.98,medium,low,9,namecheap,,,22/08/2026 00:49
42f2e128-63c2-4ee2-b105-89265473999c,mongoloid.chat,available,5.98,58.98,medium,low,9,namecheap,,,25/08/2026 04:49
6b7fb0fc-e74e-4d67-822f-f446dcdf0e20,succeeding.chat,available,5.66,36.56,high,low,10,porkbun,,,29/09/2026 21:16
2e8519dc-4551-4898-be1b-343b0e878751,bedspread.chat,available,10.99,44.99,high,low,9,namesilo,,,22/09/2026 22:52
0e426256-21c3-40aa-96e9-b5959507e4bf,carpet.chat,available,10.5,,high,low,6,unstoppable,,,29/09/2026 07:31
0f64220f-1173-49e1-bd3b-517b8438c915,ablation.chat,available,10.99,44.99,medium,low,8,namesilo,,,16/09/2026 16:05
905b77ed-9bda-426f-96d4-198f9b59e05d,stupidity.chat,available,10.99,44.99,medium,low,9,namesilo,,,23/09/2026 11:18
8374eb4d-9246-43b6-8361-6d1e5c34d221,arriviste.chat,available,5.98,58.98,medium,low,9,namecheap,,,03/09/2026 22:17
3c198b70-41c8-49d3-a0b5-8106c9c51f11,styptic.chat,available,5.98,58.98,medium,low,7,namecheap,,,07/08/2026 10:00
63f87c2c-cf63-41a6-b640-941b744e4b8f,frostbite.chat,available,5.98,58.98,high,low,9,namecheap,,,24/09/2026 19:56
3398b361-ac6e-411a-b6fc-1e9ec2660695,brim.chat,available,5.98,58.98,high,low,4,namecheap,,,24/09/2026 10:24
322965b9-dede-4e74-85e6-5d49964743d5,cant.chat,available,5.98,58.98,high,low,4,namecheap,,,13/09/2026 04:09
40711658-da96-49be-9913-3fd622b22687,strikingly.chat,available,10.99,44.99,high,low,10,namesilo,,,16/09/2026 07:22
f4d7cdfb-789d-4c64-aa33-206388f99fd6,months.chat,available,5.98,58.98,high,low,6,namecheap,,,25/09/2026 18:02
5415a8e8-26cc-4c7a-9346-485915cca669,aalst.chat,available,10.99,44.99,medium,low,5,namesilo,,,16/09/2026 13:16
4f4603e9-4085-4213-b9c8-1299de0bebd0,armed.chat,available,10.99,44.99,high,low,5,namesilo,,,22/09/2026 07:55
ec4c7283-fe9c-4a0b-8f9d-2aae03a213af,swept.chat,available,5.98,58.98,high,low,5,namecheap,,,11/09/2026 05:44
a5248ec6-a174-4844-ac78-983fd7e8f4b0,scoops.chat,available,10.99,44.99,medium,low,6,namesilo,,,20/09/2026 12:19
36797cf2-ef9a-453c-a95a-65fc0df86425,aloft.chat,available,5.98,58.98,medium,low,5,namecheap,,,13/09/2026 19:10
3275bd2b-c1a4-4872-8574-0bf12e3bb788,dramatically.chat,available,10.99,44.99,medium,low,12,namesilo,,,29/09/2026 14:45